,stalta,stalta_end,stalta_end_norm,s1,s2,s3,rs1,rs2,rs3,rs3_inv,rs1_stalta,rs2_stalta,rs3_stalta,rs3_inv_stalta
0,3.6941092,5.689205,3.000730545839876,-20.3125,-6.0,-19.8125,-4.1875,-4.1875,-22.0625,-4.8125,-5.125,-4.75,7.75,-5.25
1,2.948977,4.4000273,2.320723296615087,-20.3125,-6.0,-19.8125,-4.1875,-4.1875,-22.0625,-4.8125,-5.125,-4.75,7.75,-5.25
2,2.4784338,3.8309116,2.09605145875454,210.625,-127.5,-127.9375,210.625,191.9375,161.6875,208.625,203.75,208.0,220.5625,208.0
3,4.57862,7.0379233,2.7976481826776944,-51.75,-60.25,-33.4375,139.6875,-60.25,-65.5625,-2.4375,-3.5625,-4.0625,-38.0,-3.875
4,3.4852881,5.3050046,2.128294749481938,-51.75,-60.25,-33.4375,139.6875,-60.25,-65.5625,-2.4375,-3.5625,-4.0625,-38.0,-3.875
5,5.748224,8.566044,2.837615899310637,-126.4375,-31.4375,280.1875,259.0,75.3125,277.875,-1.6875,-5.1875,171.0625,98.3125,185.0
6,4.850035,7.3547616,2.5975373454624457,-126.4375,-31.4375,280.1875,259.0,75.3125,277.875,-1.6875,-5.1875,171.0625,98.3125,185.0
7,4.192642,6.6506805,2.361933912069581,-126.4375,-31.4375,280.1875,259.0,75.3125,277.875,-1.6875,-5.1875,171.0625,98.3125,185.0
8,3.7343807,5.9790597,2.122924771459365,-126.4375,-31.4375,280.1875,259.0,75.3125,277.875,-1.6875,-5.1875,171.0625,98.3125,185.0
9,6.4692407,9.960332,3.587135253553723,-149.375,-285.0625,-52.25,-245.5625,139.4375,56.125,3.875,-114.0,-5.25,19.0,-18.6875
10,5.022371,7.5983863,2.6895833691182034,-149.375,-285.0625,-52.25,-245.5625,139.4375,56.125,3.875,-114.0,-5.25,19.0,-18.6875
11,4.711772,6.798221,2.4066716594172948,-149.375,-285.0625,-52.25,-245.5625,139.4375,56.125,3.875,-114.0,-5.25,19.0,-18.6875
12,3.2612393,3.7980862,2.05573005229206,-3.8125,273.5,-19.8125,-3.8125,-3.8125,-10.5625,-3.875,-4.0,-5.375,0.6875,-6.25
13,3.2646654,3.7840588,2.048052080660083,-3.8125,273.5,-19.8125,-3.8125,-3.8125,-10.5625,-3.875,-4.0,-5.375,0.6875,-6.25
14,2.0376656,5.648748,2.9647526188587565,-68.75,-69.375,-13.4375,-1.875,69.4375,-180.25,-5.375,-137.1875,-5.375,-76.5,-5.375
15,1.7634538,5.0627084,2.6138429622656822,-68.75,-69.375,-13.4375,-1.875,69.4375,-180.25,-5.375,-137.1875,-5.375,-76.5,-5.375
16,1.6753261,4.232379,2.211034074767902,-32.375,-44.4375,63.375,-127.0625,63.375,-215.5625,-127.125,-274.375,-154.125,-231.4375,-152.75
17,2.8552892,4.849877,2.4267678703082223,60.5625,225.875,125.5625,60.5625,-220.8125,40.5,-125.9375,-5.375,-5.3125,39.5625,-5.3125
18,4.7804623,8.160129,3.515976396051811,-297.125,-5.5625,-122.6875,105.5625,129.625,192.875,-5.5,-5.375,-5.375,12.5,-5.375
19,4.2053213,6.9060054,2.977368789283948,-297.125,-5.5625,-122.6875,105.5625,129.625,192.875,-5.5,-5.375,-5.375,12.5,-5.375
20,3.4486148,5.735836,2.4700406718451724,-297.125,-5.5625,-122.6875,105.5625,129.625,192.875,-5.5,-5.375,-5.375,12.5,-5.375
21,3.33317,5.0609293,2.1511658830081544,-297.125,-5.5625,-122.6875,105.5625,129.625,192.875,-5.5,-5.375,-5.375,12.5,-5.375
22,3.089362,5.5625196,2.364113199185561,-46.125,-73.25,-277.8125,4.9375,-118.0625,-71.0625,-5.375,-5.375,-5.375,98.6875,-5.375
23,3.0334294,5.400463,2.1760600632369687,-46.125,-73.25,-277.8125,4.9375,-118.0625,-71.0625,-5.375,-5.375,-5.375,98.6875,-5.375
24,3.0576265,5.1704135,2.1973377710092064,-46.125,-73.25,-277.8125,4.9375,-118.0625,-71.0625,-5.375,-5.375,-5.375,98.6875,-5.375
25,3.609248,6.7158785,2.8860048424644527,-125.875,90.1875,-162.6875,-54.5,-5.5625,-14.625,-5.3125,-5.3125,-5.3125,136.1875,-5.3125
26,3.751692,6.6144905,2.7887346407202767,-125.875,90.1875,-162.6875,-54.5,-5.5625,-14.625,-5.3125,-5.3125,-5.3125,136.1875,-5.3125
27,3.6181858,6.6014366,2.7111134708039613,-125.875,90.1875,-162.6875,-54.5,-5.5625,-14.625,-5.3125,-5.3125,-5.3125,136.1875,-5.3125
28,3.3397813,5.9235983,2.5455969961534457,-125.875,90.1875,-162.6875,-54.5,-5.5625,-14.625,-5.3125,-5.3125,-5.3125,136.1875,-5.3125
29,3.2434037,5.8158727,2.45315446222011,-125.875,90.1875,-162.6875,-54.5,-5.5625,-14.625,-5.3125,-5.3125,-5.3125,136.1875,-5.3125
30,3.4257534,5.7932386,2.560815706889072,-125.875,90.1875,-162.6875,-54.5,-5.5625,-14.625,-5.3125,-5.3125,-5.3125,136.1875,-5.3125
31,3.0792649,5.210914,2.1904645728271013,-125.875,90.1875,-162.6875,-54.5,-5.5625,-14.625,-5.3125,-5.3125,-5.3125,136.1875,-5.3125
32,3.1494162,5.187962,2.1313729049655508,-125.875,90.1875,-162.6875,-54.5,-5.5625,-14.625,-5.3125,-5.3125,-5.3125,136.1875,-5.3125
33,3.1393492,5.175762,2.141423963319085,-125.875,90.1875,-162.6875,-54.5,-5.5625,-14.625,-5.3125,-5.3125,-5.3125,136.1875,-5.3125
34,2.7845674,4.730748,2.090529237696884,-125.875,90.1875,-162.6875,-54.5,-5.5625,-14.625,-5.3125,-5.3125,-5.3125,136.1875,-5.3125
35,2.9840744,4.7039638,2.0399014266540885,-125.875,90.1875,-162.6875,-54.5,-5.5625,-14.625,-5.3125,-5.3125,-5.3125,136.1875,-5.3125
36,5.2727194,9.1114645,3.8731703129772295,149.6875,-5.1875,-5.5625,117.9375,-5.5625,-56.125,-5.375,-5.375,-5.375,-86.625,-5.375
37,4.1052737,7.424228,2.9950712950073006,149.6875,-5.1875,-5.5625,117.9375,-5.5625,-56.125,-5.375,-5.375,-5.375,-86.625,-5.375
38,3.362663,5.4363294,2.309797201176304,149.6875,-5.1875,-5.5625,117.9375,-5.5625,-56.125,-5.375,-5.375,-5.375,-86.625,-5.375
39,3.0513895,5.2194257,2.243666335907837,149.6875,-5.1875,-5.5625,117.9375,-5.5625,-56.125,-5.375,-5.375,-5.375,-86.625,-5.375
40,3.4233327,5.0644627,2.154687454986521,149.6875,-5.1875,-5.5625,117.9375,-5.5625,-56.125,-5.375,-5.375,-5.375,-86.625,-5.375
41,2.9294353,4.8552036,2.085240465936301,149.6875,-5.1875,-5.5625,117.9375,-5.5625,-56.125,-5.375,-5.375,-5.375,-86.625,-5.375
42,6.055387,11.41931,4.745822156050767,-132.375,250.625,-125.875,-127.8125,-41.125,-16.1875,-5.375,-5.375,-5.375,88.5,-5.375
43,4.8385973,7.6635375,2.9123788748757105,-132.375,250.625,-125.875,-127.8125,-41.125,-16.1875,-5.375,-5.375,-5.375,88.5,-5.375
44,3.669907,6.6943974,2.594346030695,-132.375,250.625,-125.875,-127.8125,-41.125,-16.1875,-5.375,-5.375,-5.375,88.5,-5.375
45,3.861972,6.5384927,2.707637925784208,-132.375,250.625,-125.875,-127.8125,-41.125,-16.1875,-5.375,-5.375,-5.375,88.5,-5.375
46,3.8671875,6.497319,2.69121980882728,-132.375,250.625,-125.875,-127.8125,-41.125,-16.1875,-5.375,-5.375,-5.375,88.5,-5.375
47,3.3126225,6.1952157,2.401529096650785,-132.375,250.625,-125.875,-127.8125,-41.125,-16.1875,-5.375,-5.375,-5.375,88.5,-5.375
48,3.556864,5.9394865,2.3860470931659608,-132.375,250.625,-125.875,-127.8125,-41.125,-16.1875,-5.375,-5.375,-5.375,88.5,-5.375
49,3.108974,5.3516593,2.1272425839057174,-132.375,250.625,-125.875,-127.8125,-41.125,-16.1875,-5.375,-5.375,-5.375,88.5,-5.375
50,3.1023731,5.4582305,2.070651722270607,-129.75,-7.375,-7.3125,104.75,0.25,82.25,115.0625,113.4375,109.4375,-45.6875,-72.125
51,3.5981658,6.3602114,2.365937996019997,-3.5625,-87.875,165.8125,-87.9375,-3.5,-114.3125,233.125,-101.375,-5.4375,24.3125,-5.4375
52,5.382884,9.466892,3.370448046615822,216.0625,272.5625,67.8125,67.5,38.1875,-0.5,-18.1875,-18.25,-5.375,58.125,-18.75
53,6.959313,13.802493,4.989041252077269,65.3125,-12.875,141.0,141.0,-0.5,-12.9375,-1.0625,-5.375,-5.375,101.25,-5.375
54,4.914773,8.246036,2.8488859294249576,65.3125,-12.875,141.0,141.0,-0.5,-12.9375,-1.0625,-5.375,-5.375,101.25,-5.375
55,3.7993712,7.030057,2.431179420073348,65.3125,-12.875,141.0,141.0,-0.5,-12.9375,-1.0625,-5.375,-5.375,101.25,-5.375
56,3.659253,6.630352,2.3989531362355394,65.3125,-12.875,141.0,141.0,-0.5,-12.9375,-1.0625,-5.375,-5.375,101.25,-5.375
57,3.2515767,6.0841866,2.107626743482478,65.3125,-12.875,141.0,141.0,-0.5,-12.9375,-1.0625,-5.375,-5.375,101.25,-5.375
58,3.4116514,5.761677,2.035282548884506,65.3125,-12.875,141.0,141.0,-0.5,-12.9375,-1.0625,-5.375,-5.375,101.25,-5.375
59,4.4172254,7.9303403,2.8856784828796465,-245.5625,-79.625,-56.3125,-75.1875,-79.625,-151.0,-115.5625,83.75,-66.3125,-45.375,-56.875
60,2.4819345,7.742033,4.277944103179765,25.625,-169.25,-260.25,-176.9375,-177.3125,-204.4375,-5.3125,-5.375,-5.0625,2.9375,-5.5
61,2.4799917,7.7276196,4.269256497087806,25.625,-169.25,-260.25,-176.9375,-177.3125,-204.4375,-5.3125,-5.375,-5.0625,2.9375,-5.5
62,2.4758508,7.7185473,4.263695978374101,25.625,-169.25,-260.25,-176.9375,-177.3125,-204.4375,-5.3125,-5.375,-5.0625,2.9375,-5.5
63,1.917204,5.061093,2.79195849414004,25.625,-169.25,-260.25,-176.9375,-177.3125,-204.4375,-5.3125,-5.375,-5.0625,2.9375,-5.5
64,1.9825114,5.020132,2.598607169194938,-286.9375,-5.25,-55.3125,-79.3125,-57.5,-80.0625,-5.3125,-5.625,31.625,4.5625,-5.6875
65,1.985298,5.0181465,2.597553306409314,-286.9375,-5.25,-55.3125,-79.3125,-57.5,-80.0625,-5.3125,-5.625,31.625,4.5625,-5.6875
66,1.7929693,3.8950515,2.015494737963887,-286.9375,-5.25,-55.3125,-79.3125,-57.5,-80.0625,-5.3125,-5.625,31.625,4.5625,-5.6875
67,2.4374037,7.470762,4.131511210728184,17.75,-36.3125,-37.1875,-12.6875,81.25,-88.25,-5.375,-5.375,-5.4375,11.875,-5.4375
68,2.2681913,6.3431525,3.430844018618425,17.75,-36.3125,-37.1875,-12.6875,81.25,-88.25,-5.375,-5.375,-5.4375,11.875,-5.4375
69,1.8111377,4.7855787,2.696977115131669,17.75,-36.3125,-37.1875,-12.6875,81.25,-88.25,-5.375,-5.375,-5.4375,11.875,-5.4375
70,1.676812,4.104111,2.3149211394788995,17.75,-36.3125,-37.1875,-12.6875,81.25,-88.25,-5.375,-5.375,-5.4375,11.875,-5.4375
71,1.6213045,3.8588636,2.175779843311254,17.75,-36.3125,-37.1875,-12.6875,81.25,-88.25,-5.375,-5.375,-5.4375,11.875,-5.4375
72,3.9028313,6.8225627,3.2518546356788502,-5.3125,-5.6875,-6.1875,120.0,11.5,-27.0,5.625,0.125,86.625,14.3125,-5.375
73,3.896034,6.7956448,3.2433223803518265,-5.3125,-5.6875,-6.1875,120.0,11.5,-27.0,5.625,0.125,86.625,14.3125,-5.375
74,3.8929005,6.780202,3.2356620903070383,-5.3125,-5.6875,-6.1875,120.0,11.5,-27.0,5.625,0.125,86.625,14.3125,-5.375
75,3.888477,6.737081,3.214891732286657,-5.3125,-5.6875,-6.1875,120.0,11.5,-27.0,5.625,0.125,86.625,14.3125,-5.375
76,3.8531957,6.7300863,3.212753441211864,-5.3125,-5.6875,-6.1875,120.0,11.5,-27.0,5.625,0.125,86.625,14.3125,-5.375
77,3.8664143,6.72318,3.2091209530205256,-5.3125,-5.6875,-6.1875,120.0,11.5,-27.0,5.625,0.125,86.625,14.3125,-5.375
78,3.8627644,6.719253,3.2074381695383747,-5.3125,-5.6875,-6.1875,120.0,11.5,-27.0,5.625,0.125,86.625,14.3125,-5.375
79,3.7146611,6.4360404,3.0707326297806468,-5.3125,-5.6875,-6.1875,120.0,11.5,-27.0,5.625,0.125,86.625,14.3125,-5.375
80,3.574524,6.3444333,3.0266187440088923,-5.3125,-5.6875,-6.1875,120.0,11.5,-27.0,5.625,0.125,86.625,14.3125,-5.375
81,3.1526027,5.050022,2.5118512231725045,-5.3125,-5.6875,-6.1875,120.0,11.5,-27.0,5.625,0.125,86.625,14.3125,-5.375
82,6.6244597,12.398639,5.9245531354777645,-5.3125,14.9375,-65.5625,-5.3125,-5.3125,154.4375,-5.3125,-5.3125,-5.3125,6.4375,-5.375
83,3.9986908,7.129064,3.570223167141008,-5.3125,14.9375,-65.5625,-5.3125,-5.3125,154.4375,-5.3125,-5.3125,-5.3125,6.4375,-5.375
84,4.031766,7.0615935,3.419333712276017,-5.3125,14.9375,-65.5625,-5.3125,-5.3125,154.4375,-5.3125,-5.3125,-5.3125,6.4375,-5.375
85,3.8096097,6.703494,3.232835617991883,-5.3125,14.9375,-65.5625,-5.3125,-5.3125,154.4375,-5.3125,-5.3125,-5.3125,6.4375,-5.375
86,3.4404848,6.111719,3.071864428771802,-5.3125,14.9375,-65.5625,-5.3125,-5.3125,154.4375,-5.3125,-5.3125,-5.3125,6.4375,-5.375
87,3.5312307,5.9051685,2.988657538354286,-5.3125,14.9375,-65.5625,-5.3125,-5.3125,154.4375,-5.3125,-5.3125,-5.3125,6.4375,-5.375
88,3.4447265,5.825749,2.7840021117410028,-5.3125,14.9375,-65.5625,-5.3125,-5.3125,154.4375,-5.3125,-5.3125,-5.3125,6.4375,-5.375
89,3.511077,5.62282,2.80466873785569,-5.3125,14.9375,-65.5625,-5.3125,-5.3125,154.4375,-5.3125,-5.3125,-5.3125,6.4375,-5.375
90,3.370422,5.5904045,2.8142295868522207,-5.3125,14.9375,-65.5625,-5.3125,-5.3125,154.4375,-5.3125,-5.3125,-5.3125,6.4375,-5.375
91,3.3149784,5.5704517,2.662333279329014,-5.3125,14.9375,-65.5625,-5.3125,-5.3125,154.4375,-5.3125,-5.3125,-5.3125,6.4375,-5.375
92,3.2640338,5.5451293,2.788469106585145,-5.3125,14.9375,-65.5625,-5.3125,-5.3125,154.4375,-5.3125,-5.3125,-5.3125,6.4375,-5.375
93,3.1220646,5.4038363,2.709291281760553,-5.3125,14.9375,-65.5625,-5.3125,-5.3125,154.4375,-5.3125,-5.3125,-5.3125,6.4375,-5.375
94,2.9203272,4.8660073,2.4298760287985472,-5.3125,14.9375,-65.5625,-5.3125,-5.3125,154.4375,-5.3125,-5.3125,-5.3125,6.4375,-5.375
95,2.868326,4.6416893,2.321493952408808,-5.3125,14.9375,-65.5625,-5.3125,-5.3125,154.4375,-5.3125,-5.3125,-5.3125,6.4375,-5.375
96,2.8532393,4.617698,2.278131420653169,-5.3125,14.9375,-65.5625,-5.3125,-5.3125,154.4375,-5.3125,-5.3125,-5.3125,6.4375,-5.375
97,2.771577,4.593007,2.207458159052439,-5.3125,14.9375,-65.5625,-5.3125,-5.3125,154.4375,-5.3125,-5.3125,-5.3125,6.4375,-5.375
98,2.5056388,4.423139,2.21501642673975,-5.3125,14.9375,-65.5625,-5.3125,-5.3125,154.4375,-5.3125,-5.3125,-5.3125,6.4375,-5.375
99,2.7334578,4.398533,2.09870502498289,-5.3125,14.9375,-65.5625,-5.3125,-5.3125,154.4375,-5.3125,-5.3125,-5.3125,6.4375,-5.375
100,2.6476343,4.395575,2.111242429549076,-5.3125,14.9375,-65.5625,-5.3125,-5.3125,154.4375,-5.3125,-5.3125,-5.3125,6.4375,-5.375
101,2.6336381,4.367191,2.219728116281092,-5.3125,14.9375,-65.5625,-5.3125,-5.3125,154.4375,-5.3125,-5.3125,-5.3125,6.4375,-5.375
102,2.6352034,4.3479366,2.0723403616093607,-5.3125,14.9375,-65.5625,-5.3125,-5.3125,154.4375,-5.3125,-5.3125,-5.3125,6.4375,-5.375
103,2.3982348,4.2311215,2.0069114747926897,-5.3125,14.9375,-65.5625,-5.3125,-5.3125,154.4375,-5.3125,-5.3125,-5.3125,6.4375,-5.375
104,2.7553377,4.2167325,2.034360409179444,-5.3125,14.9375,-65.5625,-5.3125,-5.3125,154.4375,-5.3125,-5.3125,-5.3125,6.4375,-5.375
105,2.550398,4.1704693,2.10032359267888,-5.3125,14.9375,-65.5625,-5.3125,-5.3125,154.4375,-5.3125,-5.3125,-5.3125,6.4375,-5.375
106,2.4717774,4.06474,2.0650459057494044,-5.3125,14.9375,-65.5625,-5.3125,-5.3125,154.4375,-5.3125,-5.3125,-5.3125,6.4375,-5.375
107,3.5538242,6.4801135,3.1137388751525967,57.125,57.125,-146.75,16.8125,-5.375,-21.9375,-146.0,2.25,-5.375,-170.3125,-5.4375
108,6.2457557,12.40784,5.646898038008801,127.0,102.5625,76.75,-97.875,107.5625,-125.375,-5.3125,-5.375,-5.3125,38.0625,-5.375
109,6.269586,12.388595,5.638331641491934,127.0,102.5625,76.75,-97.875,107.5625,-125.375,-5.3125,-5.375,-5.3125,38.0625,-5.375
110,4.7203245,9.370425,4.3342917401875365,127.0,102.5625,76.75,-97.875,107.5625,-125.375,-5.3125,-5.375,-5.3125,38.0625,-5.375
111,4.4812326,8.708334,3.968716067624976,127.0,102.5625,76.75,-97.875,107.5625,-125.375,-5.3125,-5.375,-5.3125,38.0625,-5.375
112,3.9281425,7.2262163,3.296147749975133,127.0,102.5625,76.75,-97.875,107.5625,-125.375,-5.3125,-5.375,-5.3125,38.0625,-5.375
113,3.6852841,6.5719876,3.1068216493424163,127.0,102.5625,76.75,-97.875,107.5625,-125.375,-5.3125,-5.375,-5.3125,38.0625,-5.375
114,3.6491914,6.524904,3.122785374338851,127.0,102.5625,76.75,-97.875,107.5625,-125.375,-5.3125,-5.375,-5.3125,38.0625,-5.375
115,3.329944,5.734815,2.621936583274118,127.0,102.5625,76.75,-97.875,107.5625,-125.375,-5.3125,-5.375,-5.3125,38.0625,-5.375
116,2.8715656,5.264334,2.4869366784525107,127.0,102.5625,76.75,-97.875,107.5625,-125.375,-5.3125,-5.375,-5.3125,38.0625,-5.375
117,2.9422574,5.138047,2.331442120115286,127.0,102.5625,76.75,-97.875,107.5625,-125.375,-5.3125,-5.375,-5.3125,38.0625,-5.375
118,2.8344016,4.992535,2.2776254605767057,127.0,102.5625,76.75,-97.875,107.5625,-125.375,-5.3125,-5.375,-5.3125,38.0625,-5.375
119,2.8361268,4.917714,2.1627797411628955,127.0,102.5625,76.75,-97.875,107.5625,-125.375,-5.3125,-5.375,-5.3125,38.0625,-5.375
120,4.9113865,8.64468,3.4205342313695906,220.75,271.5,270.6875,-146.375,-8.125,-29.6875,-5.375,-5.375,-5.375,228.8125,-5.4375
121,4.7011037,8.319125,3.4745561943350003,220.75,271.5,270.6875,-146.375,-8.125,-29.6875,-5.375,-5.375,-5.375,228.8125,-5.4375
122,3.7184255,6.928767,2.8167251872583434,220.75,271.5,270.6875,-146.375,-8.125,-29.6875,-5.375,-5.375,-5.375,228.8125,-5.4375
123,3.3451524,5.9962635,2.436372726904478,220.75,271.5,270.6875,-146.375,-8.125,-29.6875,-5.375,-5.375,-5.375,228.8125,-5.4375
124,3.0700626,5.4620156,2.220354531524449,220.75,271.5,270.6875,-146.375,-8.125,-29.6875,-5.375,-5.375,-5.375,228.8125,-5.4375
125,2.9399657,5.101198,2.1033915903304137,220.75,271.5,270.6875,-146.375,-8.125,-29.6875,-5.375,-5.375,-5.375,228.8125,-5.4375
126,2.9223182,5.2374268,2.165492960359571,133.9375,73.8125,74.0,134.5625,-133.25,191.5,168.25,-2.4375,-17.5,176.5625,167.25
127,4.3819857,7.779071,2.960774051961559,-5.5625,-16.6875,32.75,-16.0625,-5.5625,-25.0,-5.3125,-5.3125,-5.3125,-68.6875,-5.3125
128,3.7950354,7.0044317,2.6721922482230345,-5.5625,-16.6875,32.75,-16.0625,-5.5625,-25.0,-5.3125,-5.3125,-5.3125,-68.6875,-5.3125
129,3.4650028,6.194549,2.244609572250999,-5.5625,-16.6875,32.75,-16.0625,-5.5625,-25.0,-5.3125,-5.3125,-5.3125,-68.6875,-5.3125
130,3.391351,5.995286,2.29008400776702,-5.5625,-16.6875,32.75,-16.0625,-5.5625,-25.0,-5.3125,-5.3125,-5.3125,-68.6875,-5.3125
131,3.4869668,5.640467,2.156451427406473,-5.5625,-16.6875,32.75,-16.0625,-5.5625,-25.0,-5.3125,-5.3125,-5.3125,-68.6875,-5.3125
132,3.2693825,5.4884295,2.09537962027282,-5.5625,-16.6875,32.75,-16.0625,-5.5625,-25.0,-5.3125,-5.3125,-5.3125,-68.6875,-5.3125
133,3.1047122,5.358298,2.047636897292364,-5.5625,-16.6875,32.75,-16.0625,-5.5625,-25.0,-5.3125,-5.3125,-5.3125,-68.6875,-5.3125
134,3.2129328,5.2863336,2.020741435673844,-5.5625,-16.6875,32.75,-16.0625,-5.5625,-25.0,-5.3125,-5.3125,-5.3125,-68.6875,-5.3125
135,8.847424,18.124231,6.852382641556332,-2.8125,-3.0625,59.0,-4.0625,79.625,-15.1875,-5.3125,-5.3125,-5.375,58.3125,-5.375
136,4.728401,9.184233,3.471118272688687,-2.8125,-3.0625,59.0,-4.0625,79.625,-15.1875,-5.3125,-5.3125,-5.375,58.3125,-5.375
137,4.149979,7.9746876,2.8406313138260444,-2.8125,-3.0625,59.0,-4.0625,79.625,-15.1875,-5.3125,-5.3125,-5.375,58.3125,-5.375
138,4.0306287,7.753781,2.9335078738955147,-2.8125,-3.0625,59.0,-4.0625,79.625,-15.1875,-5.3125,-5.3125,-5.375,58.3125,-5.375
139,3.668765,6.4659386,2.3870537757290147,-2.8125,-3.0625,59.0,-4.0625,79.625,-15.1875,-5.3125,-5.3125,-5.375,58.3125,-5.375
140,3.3537366,5.710199,2.1574550031894435,-2.8125,-3.0625,59.0,-4.0625,79.625,-15.1875,-5.3125,-5.3125,-5.375,58.3125,-5.375
141,3.430256,5.5058923,2.079332686732496,-2.8125,-3.0625,59.0,-4.0625,79.625,-15.1875,-5.3125,-5.3125,-5.375,58.3125,-5.375
142,3.447506,5.4316154,2.028452124533855,-2.8125,-3.0625,59.0,-4.0625,79.625,-15.1875,-5.3125,-5.3125,-5.375,58.3125,-5.375
143,5.3046947,9.821511,3.41473481861155,-5.3125,69.1875,239.6875,93.5625,-5.3125,147.875,-5.3125,-5.3125,-5.3125,9.0,-5.375
144,4.6091623,7.8775806,2.755671089504861,-5.3125,69.1875,239.6875,93.5625,-5.3125,147.875,-5.3125,-5.3125,-5.3125,9.0,-5.375
145,4.5519104,7.218856,2.5640492051920267,-5.3125,69.1875,239.6875,93.5625,-5.3125,147.875,-5.3125,-5.3125,-5.3125,9.0,-5.375
146,4.1105337,7.4518642,2.685426949988328,-3.9375,-96.9375,-142.3125,-141.9375,-202.75,-163.0625,-5.3125,-5.3125,-5.3125,11.1875,-5.3125
147,4.1289525,7.1098046,2.655356815895651,-3.9375,-96.9375,-142.3125,-141.9375,-202.75,-163.0625,-5.3125,-5.3125,-5.3125,11.1875,-5.3125
148,3.9129703,7.420947,3.896529494321398,-300.0,-97.875,-300.0,-5.3125,-97.875,80.0625,-5.375,-5.375,188.625,70.75,-5.375
149,3.0178242,5.3224573,2.836215288239446,-300.0,-97.875,-300.0,-5.3125,-97.875,80.0625,-5.375,-5.375,188.625,70.75,-5.375
150,2.0987973,5.769595,3.205401325449589,-277.0,-53.8125,64.6875,-43.0625,-163.875,-11.875,-38.875,-220.75,121.125,-11.9375,-44.4375
151,1.5489936,3.9623256,2.206044713615934,-277.0,-53.8125,64.6875,-43.0625,-163.875,-11.875,-38.875,-220.75,121.125,-11.9375,-44.4375
152,1.7176887,3.8750067,2.155955563620225,-277.0,-53.8125,64.6875,-43.0625,-163.875,-11.875,-38.875,-220.75,121.125,-11.9375,-44.4375
153,5.203949,9.472292,5.094429038392198,-130.125,-5.375,-8.3125,17.875,-16.9375,135.6875,-5.375,-5.4375,157.25,10.0,-5.5
154,5.2009087,9.468788,5.0924628419200415,-130.125,-5.375,-8.3125,17.875,-16.9375,135.6875,-5.375,-5.4375,157.25,10.0,-5.5
155,4.3677917,8.257966,4.393834920565218,-189.5,-189.0,-195.75,-118.25,0.1875,-170.8125,-5.3125,-5.3125,-5.3125,-113.75,-5.3125
156,4.3787575,8.237275,4.382437374238873,-189.5,-189.0,-195.75,-118.25,0.1875,-170.8125,-5.3125,-5.3125,-5.3125,-113.75,-5.3125
157,3.493219,5.9834723,3.1566090136376004,-189.5,-189.0,-195.75,-118.25,0.1875,-170.8125,-5.3125,-5.3125,-5.3125,-113.75,-5.3125
158,3.133478,5.4709444,2.975765946779791,-189.5,-189.0,-195.75,-118.25,0.1875,-170.8125,-5.3125,-5.3125,-5.3125,-113.75,-5.3125
159,2.8801067,4.806184,2.5547465036318138,-189.5,-189.0,-195.75,-118.25,0.1875,-170.8125,-5.3125,-5.3125,-5.3125,-113.75,-5.3125
160,2.4680192,4.6020536,2.4669538337565484,-189.5,-189.0,-195.75,-118.25,0.1875,-170.8125,-5.3125,-5.3125,-5.3125,-113.75,-5.3125
161,2.7336278,4.5650263,2.4188644531546992,-189.5,-189.0,-195.75,-118.25,0.1875,-170.8125,-5.3125,-5.3125,-5.3125,-113.75,-5.3125
162,2.6522148,4.383858,2.335768594263612,-189.5,-189.0,-195.75,-118.25,0.1875,-170.8125,-5.3125,-5.3125,-5.3125,-113.75,-5.3125
163,2.6840513,4.3556166,2.3203822675056864,-189.5,-189.0,-195.75,-118.25,0.1875,-170.8125,-5.3125,-5.3125,-5.3125,-113.75,-5.3125
164,2.657708,4.3476605,2.3147058514178034,-189.5,-189.0,-195.75,-118.25,0.1875,-170.8125,-5.3125,-5.3125,-5.3125,-113.75,-5.3125
165,2.6547713,4.318393,2.301288763059106,-189.5,-189.0,-195.75,-118.25,0.1875,-170.8125,-5.3125,-5.3125,-5.3125,-113.75,-5.3125
166,2.6157377,4.308703,2.3446334753435125,-189.5,-189.0,-195.75,-118.25,0.1875,-170.8125,-5.3125,-5.3125,-5.3125,-113.75,-5.3125
167,2.585872,4.209022,2.237596464053005,-189.5,-189.0,-195.75,-118.25,0.1875,-170.8125,-5.3125,-5.3125,-5.3125,-113.75,-5.3125
168,2.2946367,3.9343076,2.109229896004026,-189.5,-189.0,-195.75,-118.25,0.1875,-170.8125,-5.3125,-5.3125,-5.3125,-113.75,-5.3125
169,2.1959553,3.7125847,2.017390158595336,-189.5,-189.0,-195.75,-118.25,0.1875,-170.8125,-5.3125,-5.3125,-5.3125,-113.75,-5.3125
170,6.845193,13.182069,7.108638899417179,-2.25,23.125,3.125,2.8125,19.125,-24.1875,-5.3125,-5.375,-5.375,28.375,-5.375
171,3.1451347,5.378564,2.946530121936311,-2.25,23.125,3.125,2.8125,19.125,-24.1875,-5.3125,-5.375,-5.375,28.375,-5.375
172,3.0349514,5.195822,2.8512517943683657,-2.25,23.125,3.125,2.8125,19.125,-24.1875,-5.3125,-5.375,-5.375,28.375,-5.375
173,2.847397,4.79055,2.630202239995768,-2.25,23.125,3.125,2.8125,19.125,-24.1875,-5.3125,-5.375,-5.375,28.375,-5.375
174,2.7039154,4.4694266,2.4480410440889844,-2.25,23.125,3.125,2.8125,19.125,-24.1875,-5.3125,-5.375,-5.375,28.375,-5.375
175,2.629608,4.3085213,2.3189803604262926,-2.25,23.125,3.125,2.8125,19.125,-24.1875,-5.3125,-5.375,-5.375,28.375,-5.375
176,2.454502,4.171982,2.315446348083651,-2.25,23.125,3.125,2.8125,19.125,-24.1875,-5.3125,-5.375,-5.375,28.375,-5.375
177,2.5007446,4.1605473,2.2830989646902724,-2.25,23.125,3.125,2.8125,19.125,-24.1875,-5.3125,-5.375,-5.375,28.375,-5.375
178,2.2365465,3.9765291,2.1678813025621086,-2.25,23.125,3.125,2.8125,19.125,-24.1875,-5.3125,-5.375,-5.375,28.375,-5.375
179,2.3775146,3.9666412,2.1386746059790047,-2.25,23.125,3.125,2.8125,19.125,-24.1875,-5.3125,-5.375,-5.375,28.375,-5.375
180,2.3007107,3.922393,2.114648341591738,-2.25,23.125,3.125,2.8125,19.125,-24.1875,-5.3125,-5.375,-5.375,28.375,-5.375
181,7.8603606,15.484178,8.145102294403461,112.4375,14.4375,-114.0625,-73.875,-85.9375,-143.625,-5.4375,-5.5,-5.4375,40.375,-5.5
182,7.5632634,14.650413,7.761364009287998,112.4375,14.4375,-114.0625,-73.875,-85.9375,-143.625,-5.4375,-5.5,-5.4375,40.375,-5.5
183,5.3845243,10.16711,5.383278884836325,112.4375,14.4375,-114.0625,-73.875,-85.9375,-143.625,-5.4375,-5.5,-5.4375,40.375,-5.5
184,4.4561906,8.48337,4.490874847838133,112.4375,14.4375,-114.0625,-73.875,-85.9375,-143.625,-5.4375,-5.5,-5.4375,40.375,-5.5
185,4.3562346,8.287319,4.386542582452931,112.4375,14.4375,-114.0625,-73.875,-85.9375,-143.625,-5.4375,-5.5,-5.4375,40.375,-5.5
186,4.365226,8.273765,4.379040160698063,112.4375,14.4375,-114.0625,-73.875,-85.9375,-143.625,-5.4375,-5.5,-5.4375,40.375,-5.5
187,4.1928453,7.8506637,4.352948227304884,112.4375,14.4375,-114.0625,-73.875,-85.9375,-143.625,-5.4375,-5.5,-5.4375,40.375,-5.5
188,3.9559464,7.4170613,3.930818264267112,112.4375,14.4375,-114.0625,-73.875,-85.9375,-143.625,-5.4375,-5.5,-5.4375,40.375,-5.5
189,3.5605407,6.493868,3.599946606682874,112.4375,14.4375,-114.0625,-73.875,-85.9375,-143.625,-5.4375,-5.5,-5.4375,40.375,-5.5
190,3.628727,6.264861,3.391864540413701,112.4375,14.4375,-114.0625,-73.875,-85.9375,-143.625,-5.4375,-5.5,-5.4375,40.375,-5.5
191,3.438564,6.1951027,3.4333509403075464,112.4375,14.4375,-114.0625,-73.875,-85.9375,-143.625,-5.4375,-5.5,-5.4375,40.375,-5.5
192,3.4308684,6.0773587,3.3829010743200656,112.4375,14.4375,-114.0625,-73.875,-85.9375,-143.625,-5.4375,-5.5,-5.4375,40.375,-5.5
193,3.5061886,5.951351,3.291488701235424,112.4375,14.4375,-114.0625,-73.875,-85.9375,-143.625,-5.4375,-5.5,-5.4375,40.375,-5.5
194,3.2282698,5.5900536,3.0454364914581964,112.4375,14.4375,-114.0625,-73.875,-85.9375,-143.625,-5.4375,-5.5,-5.4375,40.375,-5.5
195,3.106811,5.580118,3.008713307235161,112.4375,14.4375,-114.0625,-73.875,-85.9375,-143.625,-5.4375,-5.5,-5.4375,40.375,-5.5
196,3.0853744,5.3757987,2.9777093916860693,112.4375,14.4375,-114.0625,-73.875,-85.9375,-143.625,-5.4375,-5.5,-5.4375,40.375,-5.5
197,3.0620346,5.2910266,2.930442454575647,112.4375,14.4375,-114.0625,-73.875,-85.9375,-143.625,-5.4375,-5.5,-5.4375,40.375,-5.5
198,2.8611603,5.1890845,2.810770320798973,112.4375,14.4375,-114.0625,-73.875,-85.9375,-143.625,-5.4375,-5.5,-5.4375,40.375,-5.5
199,3.0367503,5.101426,2.8068130256674624,112.4375,14.4375,-114.0625,-73.875,-85.9375,-143.625,-5.4375,-5.5,-5.4375,40.375,-5.5
200,2.9460359,5.0957246,2.779305013298379,112.4375,14.4375,-114.0625,-73.875,-85.9375,-143.625,-5.4375,-5.5,-5.4375,40.375,-5.5
201,2.8804264,5.090475,2.7435794663526187,112.4375,14.4375,-114.0625,-73.875,-85.9375,-143.625,-5.4375,-5.5,-5.4375,40.375,-5.5
202,2.9132783,4.9883757,2.7959979877802525,112.4375,14.4375,-114.0625,-73.875,-85.9375,-143.625,-5.4375,-5.5,-5.4375,40.375,-5.5
203,2.9056838,4.9606547,2.745405384404524,112.4375,14.4375,-114.0625,-73.875,-85.9375,-143.625,-5.4375,-5.5,-5.4375,40.375,-5.5
204,2.9473767,4.8639956,2.696471738766991,112.4375,14.4375,-114.0625,-73.875,-85.9375,-143.625,-5.4375,-5.5,-5.4375,40.375,-5.5
205,3.1163607,4.8624926,2.5942001850136096,112.4375,14.4375,-114.0625,-73.875,-85.9375,-143.625,-5.4375,-5.5,-5.4375,40.375,-5.5
206,2.7934089,4.736274,2.600723372807895,112.4375,14.4375,-114.0625,-73.875,-85.9375,-143.625,-5.4375,-5.5,-5.4375,40.375,-5.5
207,2.7384276,4.606076,2.4894974578040268,112.4375,14.4375,-114.0625,-73.875,-85.9375,-143.625,-5.4375,-5.5,-5.4375,40.375,-5.5
208,2.5824153,4.594306,2.587450134394653,112.4375,14.4375,-114.0625,-73.875,-85.9375,-143.625,-5.4375,-5.5,-5.4375,40.375,-5.5
209,2.6496868,4.5611687,2.479463256434763,112.4375,14.4375,-114.0625,-73.875,-85.9375,-143.625,-5.4375,-5.5,-5.4375,40.375,-5.5
210,2.4935613,4.5264544,2.400084642877034,112.4375,14.4375,-114.0625,-73.875,-85.9375,-143.625,-5.4375,-5.5,-5.4375,40.375,-5.5
211,2.6825855,4.3341722,2.310966745517554,112.4375,14.4375,-114.0625,-73.875,-85.9375,-143.625,-5.4375,-5.5,-5.4375,40.375,-5.5
212,2.5841935,4.2553825,2.35641088557803,112.4375,14.4375,-114.0625,-73.875,-85.9375,-143.625,-5.4375,-5.5,-5.4375,40.375,-5.5
213,2.4745166,4.188063,2.283992883896388,112.4375,14.4375,-114.0625,-73.875,-85.9375,-143.625,-5.4375,-5.5,-5.4375,40.375,-5.5
214,2.6423173,4.177118,2.3169933764968382,112.4375,14.4375,-114.0625,-73.875,-85.9375,-143.625,-5.4375,-5.5,-5.4375,40.375,-5.5
215,2.4409816,4.1741524,2.2764967628752792,112.4375,14.4375,-114.0625,-73.875,-85.9375,-143.625,-5.4375,-5.5,-5.4375,40.375,-5.5
216,2.3361297,3.9124796,2.087324316410389,112.4375,14.4375,-114.0625,-73.875,-85.9375,-143.625,-5.4375,-5.5,-5.4375,40.375,-5.5
217,2.4159598,3.8964972,2.1827090176829627,112.4375,14.4375,-114.0625,-73.875,-85.9375,-143.625,-5.4375,-5.5,-5.4375,40.375,-5.5
218,2.1615446,3.8153515,2.150390913129688,112.4375,14.4375,-114.0625,-73.875,-85.9375,-143.625,-5.4375,-5.5,-5.4375,40.375,-5.5
219,2.2270591,3.6587658,2.035142422464425,112.4375,14.4375,-114.0625,-73.875,-85.9375,-143.625,-5.4375,-5.5,-5.4375,40.375,-5.5
220,5.6199474,10.377169,5.406633734450563,-12.9375,157.75,-8.0,-10.0625,157.75,-41.0,262.375,-5.375,-5.4375,14.625,-5.4375
221,5.29535,9.527425,4.962918199801576,-12.9375,157.75,-8.0,-10.0625,157.75,-41.0,262.375,-5.375,-5.4375,14.625,-5.4375
222,4.6509,8.339914,4.343625815716564,-12.9375,157.75,-8.0,-10.0625,157.75,-41.0,262.375,-5.375,-5.4375,14.625,-5.4375
223,3.3930333,5.930666,3.088273164176732,-12.9375,157.75,-8.0,-10.0625,157.75,-41.0,262.375,-5.375,-5.4375,14.625,-5.4375
224,3.1772242,5.523767,2.875452265831385,-12.9375,157.75,-8.0,-10.0625,157.75,-41.0,262.375,-5.375,-5.4375,14.625,-5.4375
225,3.1437325,5.399304,2.974694293946195,-12.9375,157.75,-8.0,-10.0625,157.75,-41.0,262.375,-5.375,-5.4375,14.625,-5.4375
226,3.0962648,5.3961945,2.809398856497124,-12.9375,157.75,-8.0,-10.0625,157.75,-41.0,262.375,-5.375,-5.4375,14.625,-5.4375
227,3.1171632,5.3155785,2.9257510326945884,-12.9375,157.75,-8.0,-10.0625,157.75,-41.0,262.375,-5.375,-5.4375,14.625,-5.4375
228,2.9768934,5.230561,2.881244766033873,-12.9375,157.75,-8.0,-10.0625,157.75,-41.0,262.375,-5.375,-5.4375,14.625,-5.4375
229,3.0919547,5.186091,2.857059299679345,-12.9375,157.75,-8.0,-10.0625,157.75,-41.0,262.375,-5.375,-5.4375,14.625,-5.4375
230,2.7645423,4.9082303,2.704300397680673,-12.9375,157.75,-8.0,-10.0625,157.75,-41.0,262.375,-5.375,-5.4375,14.625,-5.4375
231,2.7189238,4.905964,2.703142213309126,-12.9375,157.75,-8.0,-10.0625,157.75,-41.0,262.375,-5.375,-5.4375,14.625,-5.4375
232,2.9877877,4.7549486,2.6167368475976,-12.9375,157.75,-8.0,-10.0625,157.75,-41.0,262.375,-5.375,-5.4375,14.625,-5.4375
233,2.649937,4.4343023,2.4422389157872235,-12.9375,157.75,-8.0,-10.0625,157.75,-41.0,262.375,-5.375,-5.4375,14.625,-5.4375
234,2.4566407,3.9608765,2.1799081572324948,-12.9375,157.75,-8.0,-10.0625,157.75,-41.0,262.375,-5.375,-5.4375,14.625,-5.4375
235,2.3674426,3.8428855,2.003242775118957,-12.9375,157.75,-8.0,-10.0625,157.75,-41.0,262.375,-5.375,-5.4375,14.625,-5.4375
236,2.2174978,3.677202,2.033732827937062,-12.9375,157.75,-8.0,-10.0625,157.75,-41.0,262.375,-5.375,-5.4375,14.625,-5.4375
237,2.288259,3.6351361,2.001135492636207,-12.9375,157.75,-8.0,-10.0625,157.75,-41.0,262.375,-5.375,-5.4375,14.625,-5.4375
238,5.076216,9.169496,5.200004196323637,162.5,169.5,42.1875,162.5,241.9375,109.9375,-3.125,-5.4375,-5.375,4.25,-5.4375
239,4.7785673,8.551669,4.846931632609062,162.5,169.5,42.1875,162.5,241.9375,109.9375,-3.125,-5.4375,-5.375,4.25,-5.4375
240,4.2918606,7.6147237,4.3172621414010965,162.5,169.5,42.1875,162.5,241.9375,109.9375,-3.125,-5.4375,-5.375,4.25,-5.4375
241,4.145845,7.443618,4.235930678097745,162.5,169.5,42.1875,162.5,241.9375,109.9375,-3.125,-5.4375,-5.375,4.25,-5.4375
242,3.1148193,5.14135,2.6887751077965283,162.5,169.5,42.1875,162.5,241.9375,109.9375,-3.125,-5.4375,-5.375,4.25,-5.4375
243,3.1088054,4.847878,2.5399402109524134,162.5,169.5,42.1875,162.5,241.9375,109.9375,-3.125,-5.4375,-5.375,4.25,-5.4375
244,2.8121006,4.829312,2.5782960415613667,162.5,169.5,42.1875,162.5,241.9375,109.9375,-3.125,-5.4375,-5.375,4.25,-5.4375
245,2.9109507,4.816256,2.4798087253861483,162.5,169.5,42.1875,162.5,241.9375,109.9375,-3.125,-5.4375,-5.375,4.25,-5.4375
246,2.7725153,4.5857124,2.493406815942944,162.5,169.5,42.1875,162.5,241.9375,109.9375,-3.125,-5.4375,-5.375,4.25,-5.4375
247,2.7667964,4.5349655,2.3348488780060253,162.5,169.5,42.1875,162.5,241.9375,109.9375,-3.125,-5.4375,-5.375,4.25,-5.4375
248,2.8199563,4.297353,2.22991945683402,162.5,169.5,42.1875,162.5,241.9375,109.9375,-3.125,-5.4375,-5.375,4.25,-5.4375
249,2.6359384,4.0036545,2.081763577727321,162.5,169.5,42.1875,162.5,241.9375,109.9375,-3.125,-5.4375,-5.375,4.25,-5.4375
250,2.4108465,3.8835125,2.0441312105364884,162.5,169.5,42.1875,162.5,241.9375,109.9375,-3.125,-5.4375,-5.375,4.25,-5.4375
251,2.5256743,3.8375547,2.100196071044395,162.5,169.5,42.1875,162.5,241.9375,109.9375,-3.125,-5.4375,-5.375,4.25,-5.4375
252,2.143659,3.6864228,2.095233426830693,162.5,169.5,42.1875,162.5,241.9375,109.9375,-3.125,-5.4375,-5.375,4.25,-5.4375
253,2.0832086,3.5629604,2.025789169140342,162.5,169.5,42.1875,162.5,241.9375,109.9375,-3.125,-5.4375,-5.375,4.25,-5.4375
254,3.923522,7.122091,3.732089411157448,69.25,-6.3125,-5.875,21.875,-1.4375,-11.1875,-2.125,140.3125,-2.25,5.3125,140.3125
255,3.36341,5.759278,3.027606829940169,69.25,-6.3125,-5.875,21.875,-1.4375,-11.1875,-2.125,140.3125,-2.25,5.3125,140.3125
256,2.7927403,5.013897,2.6334771848790326,69.25,-6.3125,-5.875,21.875,-1.4375,-11.1875,-2.125,140.3125,-2.25,5.3125,140.3125
257,2.4439535,4.3490095,2.283878478234913,69.25,-6.3125,-5.875,21.875,-1.4375,-11.1875,-2.125,140.3125,-2.25,5.3125,140.3125
258,2.385933,4.283897,2.2508302591221327,69.25,-6.3125,-5.875,21.875,-1.4375,-11.1875,-2.125,140.3125,-2.25,5.3125,140.3125
259,2.3927567,4.224659,2.2178787347313063,69.25,-6.3125,-5.875,21.875,-1.4375,-11.1875,-2.125,140.3125,-2.25,5.3125,140.3125
260,2.211543,3.9809349,2.0913357546295166,69.25,-6.3125,-5.875,21.875,-1.4375,-11.1875,-2.125,140.3125,-2.25,5.3125,140.3125
261,1.6269298,4.16617,2.2476625667872385,39.75,63.75,33.1875,105.9375,186.625,168.5,-49.25,-59.0625,-5.5,168.4375,-5.5
262,2.0693684,6.363183,3.3730443152549494,-229.0,-4.9375,-55.875,-219.625,-164.625,-168.8125,-4.625,-4.6875,-28.5,-191.0625,-5.4375
263,1.9296395,5.2781587,2.7507230739157955,-229.0,-4.9375,-55.875,-219.625,-164.625,-168.8125,-4.625,-4.6875,-28.5,-191.0625,-5.4375
264,2.0991986,4.64794,2.4290149720340923,-229.0,-4.9375,-55.875,-219.625,-164.625,-168.8125,-4.625,-4.6875,-28.5,-191.0625,-5.4375
265,2.1123557,4.6309705,2.420231719936983,-229.0,-4.9375,-55.875,-219.625,-164.625,-168.8125,-4.625,-4.6875,-28.5,-191.0625,-5.4375
266,1.592385,4.2329464,2.193463906372061,-229.0,-4.9375,-55.875,-219.625,-164.625,-168.8125,-4.625,-4.6875,-28.5,-191.0625,-5.4375
267,3.9493034,14.383555,7.756977675229798,96.4375,-6.25,-5.5,26.6875,161.0,27.0625,-5.5,-5.5,-5.5,62.5625,-5.5
268,2.586835,7.9424987,4.286672765005855,96.4375,-6.25,-5.5,26.6875,161.0,27.0625,-5.5,-5.5,-5.5,62.5625,-5.5
269,2.1122692,5.487779,2.958103520427017,96.4375,-6.25,-5.5,26.6875,161.0,27.0625,-5.5,-5.5,-5.5,62.5625,-5.5
270,2.1138597,5.247943,2.8298321056948468,96.4375,-6.25,-5.5,26.6875,161.0,27.0625,-5.5,-5.5,-5.5,62.5625,-5.5
271,1.9841981,4.695081,2.532210200379807,96.4375,-6.25,-5.5,26.6875,161.0,27.0625,-5.5,-5.5,-5.5,62.5625,-5.5
272,1.5153105,3.9627311,2.1411745221858745,96.4375,-6.25,-5.5,26.6875,161.0,27.0625,-5.5,-5.5,-5.5,62.5625,-5.5
273,1.5804697,3.9155066,2.114744337127843,96.4375,-6.25,-5.5,26.6875,161.0,27.0625,-5.5,-5.5,-5.5,62.5625,-5.5
274,1.5288049,3.871439,2.091436210010372,96.4375,-6.25,-5.5,26.6875,161.0,27.0625,-5.5,-5.5,-5.5,62.5625,-5.5
275,1.5469143,3.8711474,2.0910323959475456,96.4375,-6.25,-5.5,26.6875,161.0,27.0625,-5.5,-5.5,-5.5,62.5625,-5.5
276,13.06304,12.951048,5.209650891781187,-269.875,-266.75,-266.75,-137.0625,-212.1875,-268.9375,-212.1875,-212.1875,-212.4375,-202.875,-212.5625
277,11.357916,10.628634,4.131005702016855,-269.875,-266.75,-266.75,-137.0625,-212.1875,-268.9375,-212.1875,-212.1875,-212.4375,-202.875,-212.5625
278,8.999651,9.046267,3.660844020248231,-269.875,-266.75,-266.75,-137.0625,-212.1875,-268.9375,-212.1875,-212.1875,-212.4375,-202.875,-212.5625
279,7.1454186,7.2326365,2.900968343763874,-269.875,-266.75,-266.75,-137.0625,-212.1875,-268.9375,-212.1875,-212.1875,-212.4375,-202.875,-212.5625
280,6.6536207,7.0154543,2.8336016584570567,-269.875,-266.75,-266.75,-137.0625,-212.1875,-268.9375,-212.1875,-212.1875,-212.4375,-202.875,-212.5625
281,6.6530147,6.6385684,2.774836789703542,-269.875,-266.75,-266.75,-137.0625,-212.1875,-268.9375,-212.1875,-212.1875,-212.4375,-202.875,-212.5625
282,5.0239162,5.2057624,2.180286082185302,-269.875,-266.75,-266.75,-137.0625,-212.1875,-268.9375,-212.1875,-212.1875,-212.4375,-202.875,-212.5625
283,5.0101953,5.1802163,2.168950066260545,-269.875,-266.75,-266.75,-137.0625,-212.1875,-268.9375,-212.1875,-212.1875,-212.4375,-202.875,-212.5625
284,7.5000834,6.6163044,2.345423190918874,70.4375,33.4375,-202.25,70.4375,33.625,135.125,167.125,254.875,180.125,265.0625,149.5625
285,2.957512,10.630861,5.657118908835548,-33.5625,-14.125,-17.75,16.875,15.5,131.1875,14.125,-88.25,-233.125,32.625,-88.125
286,2.9549773,10.51224,5.594221077977829,-33.5625,-14.125,-17.75,16.875,15.5,131.1875,14.125,-88.25,-233.125,32.625,-88.125
287,1.5885609,4.181272,2.224220857355941,-33.5625,-14.125,-17.75,16.875,15.5,131.1875,14.125,-88.25,-233.125,32.625,-88.125
288,1.5559542,3.9015167,2.0751548610673978,-33.5625,-14.125,-17.75,16.875,15.5,131.1875,14.125,-88.25,-233.125,32.625,-88.125
289,4.17874,7.035101,3.749503801751187,-77.5,-10.125,-78.5625,-5.4375,-8.8125,-224.75,-5.4375,-5.4375,-5.4375,3.8125,-5.4375
290,3.6926749,6.119471,3.2797845667351515,-77.5,-10.125,-78.5625,-5.4375,-8.8125,-224.75,-5.4375,-5.4375,-5.4375,3.8125,-5.4375
291,2.8754942,4.6074758,2.471218501065144,-77.5,-10.125,-78.5625,-5.4375,-8.8125,-224.75,-5.4375,-5.4375,-5.4375,3.8125,-5.4375
292,2.592518,4.2428775,2.27408514570395,-77.5,-10.125,-78.5625,-5.4375,-8.8125,-224.75,-5.4375,-5.4375,-5.4375,3.8125,-5.4375
293,1.7739654,4.295427,2.2750917058719,210.0625,74.875,-30.625,210.0625,7.0,-29.5625,-64.1875,-65.0625,215.4375,143.3125,132.875
294,1.5442523,3.7027872,2.0417124347260955,210.0625,74.875,-30.625,210.0625,7.0,-29.5625,-64.1875,-65.0625,215.4375,143.3125,132.875
295,1.837579,5.5804696,2.4676909655953567,211.25,211.125,-67.6875,-69.4375,-80.3125,211.125,-78.375,-90.875,-87.875,-72.625,-91.25
296,1.8515757,5.2832294,2.312586377841375,211.25,211.125,-67.6875,-69.4375,-80.3125,211.125,-78.375,-90.875,-87.875,-72.625,-91.25
297,1.8529902,5.23575,2.291748430301824,211.25,211.125,-67.6875,-69.4375,-80.3125,211.125,-78.375,-90.875,-87.875,-72.625,-91.25
298,1.7396593,5.1933165,2.296967519506881,211.25,211.125,-67.6875,-69.4375,-80.3125,211.125,-78.375,-90.875,-87.875,-72.625,-91.25
299,2.5102265,6.689133,2.928885790401451,139.375,139.5,139.75,264.8125,146.3125,87.0,146.125,-5.5625,-5.5625,10.5,-5.625
300,2.5194986,6.6604,2.9161690190044744,139.375,139.5,139.75,264.8125,146.3125,87.0,146.125,-5.5625,-5.5625,10.5,-5.625
301,2.0708573,5.598219,2.453432527315313,139.375,139.5,139.75,264.8125,146.3125,87.0,146.125,-5.5625,-5.5625,10.5,-5.625
302,2.055359,5.589361,2.449473861155519,139.375,139.5,139.75,264.8125,146.3125,87.0,146.125,-5.5625,-5.5625,10.5,-5.625
303,1.9132851,5.517411,2.39043301456802,139.375,139.5,139.75,264.8125,146.3125,87.0,146.125,-5.5625,-5.5625,10.5,-5.625
304,3.5205176,3.9767542,2.015596680572437,-159.125,-104.125,43.25,2.625,-44.125,0.8125,-24.875,-51.4375,-217.0625,-123.875,-198.4375
305,3.5233517,3.9760177,2.015250033177331,-159.125,-104.125,43.25,2.625,-44.125,0.8125,-24.875,-51.4375,-217.0625,-123.875,-198.4375
306,1.98733,5.77078,2.0941721106323103,271.0625,70.875,79.8125,37.8125,213.0625,59.6875,84.25,-3.6875,234.3125,38.875,236.0625
307,2.83741,8.12006,2.88501935744904,-231.0625,-230.9375,-205.625,-231.0,-230.75,-166.5625,33.4375,-155.1875,-250.875,10.75,-155.6875
308,4.01097,4.99676,2.694722841476501,256.375,-5.5625,-5.5625,256.3125,-5.5,-14.75,-5.625,-5.6875,-5.875,3.375,-5.8125
309,4.00856,4.99301,2.692955804104025,256.375,-5.5625,-5.5625,256.3125,-5.5,-14.75,-5.625,-5.6875,-5.875,3.375,-5.8125
310,3.1108,3.89296,2.103238785741949,256.375,-5.5625,-5.5625,256.3125,-5.5,-14.75,-5.625,-5.6875,-5.875,3.375,-5.8125
311,3.39648,4.4633,2.4814888977426595,-4.5625,-70.0625,-299.6875,48.875,49.25,-15.0625,-4.875,-4.8125,-5.625,-10.4375,-5.375
312,3.3298,4.10175,2.2115759297501283,-4.5625,-70.0625,-299.6875,48.875,49.25,-15.0625,-4.875,-4.8125,-5.625,-10.4375,-5.375
313,3.4253,5.64133,2.087734046708355,156.25,-42.75,-5.6875,156.25,-203.125,-42.75,-5.6875,219.0,-5.75,-297.625,-5.75
314,8.13624,14.8353,5.582046757841399,-158.5,-13.9375,-5.5,-158.5,-132.625,-46.0625,-5.5625,-5.625,-5.625,131.25,-5.625
315,5.89358,10.4124,3.710398889493713,-158.5,-13.9375,-5.5,-158.5,-132.625,-46.0625,-5.5625,-5.625,-5.625,131.25,-5.625
316,5.53572,10.0971,3.617564559716334,-158.5,-13.9375,-5.5,-158.5,-132.625,-46.0625,-5.5625,-5.625,-5.625,131.25,-5.625
317,4.87014,8.5816,3.072136383547957,-158.5,-13.9375,-5.5,-158.5,-132.625,-46.0625,-5.5625,-5.625,-5.625,131.25,-5.625
318,4.75794,8.53589,3.066902316231648,-158.5,-13.9375,-5.5,-158.5,-132.625,-46.0625,-5.5625,-5.625,-5.625,131.25,-5.625
319,4.36548,7.56436,2.855845276567536,-158.5,-13.9375,-5.5,-158.5,-132.625,-46.0625,-5.5625,-5.625,-5.625,131.25,-5.625
320,4.45789,7.53944,2.8446682918229853,-158.5,-13.9375,-5.5,-158.5,-132.625,-46.0625,-5.5625,-5.625,-5.625,131.25,-5.625
321,4.48322,7.52885,2.840582988090935,-158.5,-13.9375,-5.5,-158.5,-132.625,-46.0625,-5.5625,-5.625,-5.625,131.25,-5.625
322,4.5053,7.51935,2.836312488482948,-158.5,-13.9375,-5.5,-158.5,-132.625,-46.0625,-5.5625,-5.625,-5.625,131.25,-5.625
323,3.26001,5.67412,2.141977845241457,-158.5,-13.9375,-5.5,-158.5,-132.625,-46.0625,-5.5625,-5.625,-5.625,131.25,-5.625
324,3.42691,5.62672,2.115702548447794,-190.3125,-119.625,-214.0,-192.0625,-241.5,-132.6875,-212.25,-77.375,-34.0,-225.375,-34.1875
325,3.47504,5.45514,2.046554206380613,-190.3125,-119.625,-214.0,-192.0625,-241.5,-132.6875,-212.25,-77.375,-34.0,-225.375,-34.1875
326,4.24439,6.65634,2.407440114961009,209.5625,92.5625,208.4375,92.4375,168.1875,-22.625,175.6875,122.0625,-184.25,55.5,-13.875
327,8.26224,15.3116,5.007876753652954,-266.375,274.75,-10.125,-266.375,114.0625,-16.0625,-5.625,-5.6875,-5.625,202.3125,-5.6875
328,4.9487,7.93148,2.781782152636942,-266.375,274.75,-10.125,-266.375,114.0625,-16.0625,-5.625,-5.6875,-5.625,202.3125,-5.6875
329,4.64546,7.47752,2.4327197619079195,-266.375,274.75,-10.125,-266.375,114.0625,-16.0625,-5.625,-5.6875,-5.625,202.3125,-5.6875
330,3.77141,6.31308,2.224296149039728,16.9375,-139.375,34.5,19.5625,-139.375,-120.5,-34.4375,132.125,-5.6875,-26.8125,-5.6875
331,4.44836,7.32133,2.479896992528444,-69.25,115.8125,191.625,-69.25,115.8125,-40.3125,-5.6875,105.125,-5.6875,-94.0,162.8125
332,3.93935,6.4537,2.301059353078514,-69.25,115.8125,191.625,-69.25,115.8125,-40.3125,-5.6875,105.125,-5.6875,-94.0,162.8125
333,10.4148,16.5758,5.7692242147537405,41.9375,73.5625,78.5625,41.875,250.875,-30.75,-5.75,-5.6875,-5.75,263.5625,-5.75
334,4.28349,7.45152,2.6865551874231137,41.9375,73.5625,78.5625,41.875,250.875,-30.75,-5.75,-5.6875,-5.75,263.5625,-5.75
335,4.46938,6.69537,2.326250044994452,41.9375,73.5625,78.5625,41.875,250.875,-30.75,-5.75,-5.6875,-5.75,263.5625,-5.75
336,5.22294,6.77454,3.6441932737658855,93.25,120.5625,79.8125,93.25,120.5625,30.125,-5.75,38.75,89.375,126.9375,-5.75
337,3.50541,4.63201,2.474397134855242,80.8125,-48.875,44.0,142.75,8.5625,-38.1875,-5.6875,250.75,105.375,1.5,105.3125
338,3.18587,4.04297,2.154896064487697,80.8125,-48.875,44.0,142.75,8.5625,-38.1875,-5.6875,250.75,105.375,1.5,105.3125
339,3.16477,4.03239,2.149052883934162,80.8125,-48.875,44.0,142.75,8.5625,-38.1875,-5.6875,250.75,105.375,1.5,105.3125
340,2.96125,3.7846,2.0180475856507405,80.8125,-48.875,44.0,142.75,8.5625,-38.1875,-5.6875,250.75,105.375,1.5,105.3125
341,4.45308,5.78497,2.142891808195233,52.125,-119.5,52.1875,-1.0,52.125,-277.625,24.9375,-5.6875,-5.6875,40.875,-5.75
342,3.68755,5.42157,2.023865746941195,52.125,-119.5,52.1875,-1.0,52.125,-277.625,24.9375,-5.6875,-5.6875,40.875,-5.75
343,6.46537,11.4704,4.079357456813217,-5.5,170.0625,-5.625,29.6875,-5.375,-19.875,-5.5625,-5.75,-9.4375,13.875,-6.3125
344,3.60558,6.21128,2.21190515073059,-5.5,170.0625,-5.625,29.6875,-5.375,-19.875,-5.5625,-5.75,-9.4375,13.875,-6.3125
345,5.15118,8.69811,2.9873962773394123,-207.3125,-72.375,49.625,-90.8125,-70.125,-57.25,-1.3125,-3.5,-16.6875,60.625,-2.875
346,3.98777,6.40265,2.219931686965168,-207.3125,-72.375,49.625,-90.8125,-70.125,-57.25,-1.3125,-3.5,-16.6875,60.625,-2.875
347,6.63459,6.79769,3.612326815775438,-29.125,-40.8125,94.8125,-27.875,-40.8125,-74.8125,-3.5625,65.3125,-40.875,-20.1875,-6.9375
348,5.47406,5.43668,2.926729098209232,-29.125,-40.8125,94.8125,-27.875,-40.8125,-74.8125,-3.5625,65.3125,-40.875,-20.1875,-6.9375
349,3.75906,3.81921,2.0818047897018017,-29.125,-40.8125,94.8125,-27.875,-40.8125,-74.8125,-3.5625,65.3125,-40.875,-20.1875,-6.9375
350,2.41312,7.43382,3.3196439481687467,-50.6875,70.75,-245.4375,72.5625,42.5,-52.3125,-249.125,-288.125,-7.4375,43.5,-7.25
351,2.32318,6.92047,3.0885681774833205,-50.6875,70.75,-245.4375,72.5625,42.5,-52.3125,-249.125,-288.125,-7.4375,43.5,-7.25
352,2.30373,6.88455,3.071860022786588,-50.6875,70.75,-245.4375,72.5625,42.5,-52.3125,-249.125,-288.125,-7.4375,43.5,-7.25
353,2.21772,6.85404,3.053897024177786,-50.6875,70.75,-245.4375,72.5625,42.5,-52.3125,-249.125,-288.125,-7.4375,43.5,-7.25
354,2.3148,6.84501,3.0556681169086755,-50.6875,70.75,-245.4375,72.5625,42.5,-52.3125,-249.125,-288.125,-7.4375,43.5,-7.25
355,2.32086,6.84407,3.0553521526013423,-50.6875,70.75,-245.4375,72.5625,42.5,-52.3125,-249.125,-288.125,-7.4375,43.5,-7.25
356,2.23802,6.83216,3.04466364049208,-50.6875,70.75,-245.4375,72.5625,42.5,-52.3125,-249.125,-288.125,-7.4375,43.5,-7.25
357,2.26337,6.73874,3.007106077559756,-50.6875,70.75,-245.4375,72.5625,42.5,-52.3125,-249.125,-288.125,-7.4375,43.5,-7.25
358,2.21686,6.38153,2.8530395028182465,-50.6875,70.75,-245.4375,72.5625,42.5,-52.3125,-249.125,-288.125,-7.4375,43.5,-7.25
359,2.12475,6.26231,2.791757446387129,-50.6875,70.75,-245.4375,72.5625,42.5,-52.3125,-249.125,-288.125,-7.4375,43.5,-7.25
360,2.12105,6.26168,2.7915711720582777,-50.6875,70.75,-245.4375,72.5625,42.5,-52.3125,-249.125,-288.125,-7.4375,43.5,-7.25
361,2.59206,5.97461,2.679086431010762,-50.6875,70.75,-245.4375,72.5625,42.5,-52.3125,-249.125,-288.125,-7.4375,43.5,-7.25
362,2.09072,5.92499,2.642229588962223,-50.6875,70.75,-245.4375,72.5625,42.5,-52.3125,-249.125,-288.125,-7.4375,43.5,-7.25
363,2.09845,5.91232,2.636713490074017,-50.6875,70.75,-245.4375,72.5625,42.5,-52.3125,-249.125,-288.125,-7.4375,43.5,-7.25
364,1.88264,5.12027,2.2806620090200296,-50.6875,70.75,-245.4375,72.5625,42.5,-52.3125,-249.125,-288.125,-7.4375,43.5,-7.25
365,2.00489,4.92393,2.2221059907886365,-50.6875,70.75,-245.4375,72.5625,42.5,-52.3125,-249.125,-288.125,-7.4375,43.5,-7.25
366,1.79003,4.81147,2.108930095975014,-50.6875,70.75,-245.4375,72.5625,42.5,-52.3125,-249.125,-288.125,-7.4375,43.5,-7.25
367,1.86168,4.61468,2.006454908434772,-50.6875,70.75,-245.4375,72.5625,42.5,-52.3125,-249.125,-288.125,-7.4375,43.5,-7.25
368,1.95216,4.60835,2.078392078970045,-50.6875,70.75,-245.4375,72.5625,42.5,-52.3125,-249.125,-288.125,-7.4375,43.5,-7.25
369,1.67046,4.47273,2.0536993675498394,-50.6875,70.75,-245.4375,72.5625,42.5,-52.3125,-249.125,-288.125,-7.4375,43.5,-7.25
370,2.09602,4.44798,2.002432110616475,-50.6875,70.75,-245.4375,72.5625,42.5,-52.3125,-249.125,-288.125,-7.4375,43.5,-7.25
371,2.40014,7.86673,3.507546130193964,166.25,163.6875,154.0,7.0625,98.875,-49.3125,27.3125,6.5625,-42.125,-62.1875,-42.0625
372,1.99896,6.3717,2.83971677224376,166.25,163.6875,154.0,7.0625,98.875,-49.3125,27.3125,6.5625,-42.125,-62.1875,-42.0625
373,2.06221,5.88833,2.6215241767795106,166.25,163.6875,154.0,7.0625,98.875,-49.3125,27.3125,6.5625,-42.125,-62.1875,-42.0625
374,1.85777,5.55441,2.5056146507902395,166.25,163.6875,154.0,7.0625,98.875,-49.3125,27.3125,6.5625,-42.125,-62.1875,-42.0625
375,1.80942,5.51767,2.457447799546218,166.25,163.6875,154.0,7.0625,98.875,-49.3125,27.3125,6.5625,-42.125,-62.1875,-42.0625
376,1.73637,5.07204,2.288850956761275,166.25,163.6875,154.0,7.0625,98.875,-49.3125,27.3125,6.5625,-42.125,-62.1875,-42.0625
377,2.48832,7.09327,3.0570138800356026,84.6875,81.6875,177.125,84.625,142.125,23.25,-5.8125,-5.8125,-14.5625,46.875,-5.8125
378,1.74254,4.60008,2.046372649792176,-8.625,-32.9375,-29.125,-54.0625,-54.5625,-32.5625,18.625,-62.0,-62.125,28.625,-62.3125
379,1.53329,4.38349,2.3770478847494365,186.25,13.6875,193.5625,-132.25,-78.8125,-49.1875,-26.5,-18.8125,-26.6875,4.8125,-26.625
380,4.66846,6.79489,2.905751356720641,75.625,79.625,134.5,247.5,67.875,-80.1875,-5.8125,-5.8125,-27.125,155.875,-5.8125
381,3.74319,3.91894,2.156852362750235,138.625,54.5625,-159.6875,138.625,54.5625,-88.1875,6.4375,-63.75,-12.75,-88.1875,-63.8125
382,1.64074,3.67321,2.043366065895637,-197.4375,112.75,58.1875,-197.4375,-214.625,92.0625,157.25,26.25,24.3125,-41.0,133.0
383,2.91546,3.94104,2.175096327382987,240.75,-251.8125,-4.1875,-4.875,-153.875,-64.125,-5.875,-12.3125,-5.875,-67.0,-5.875
384,3.54811,5.92009,2.8802588058524137,59.25,93.4375,94.4375,59.25,39.125,87.375,-5.875,-5.875,-5.875,44.625,-5.9375
385,4.85343,8.53844,4.049931988515097,-5.8125,-5.875,-5.875,-9.5625,40.1875,-12.5,-5.875,-5.875,-5.875,56.125,-5.9375
386,9.04266,15.5017,6.569352265146907,-5.8125,-30.25,-5.875,-5.8125,-8.0625,-34.3125,-5.8125,-5.8125,-5.9375,-2.125,-5.9375
387,9.04064,15.4864,6.562419712956949,-5.8125,-30.25,-5.875,-5.8125,-8.0625,-34.3125,-5.8125,-5.8125,-5.9375,-2.125,-5.9375
388,4.47448,7.02867,2.6401342172871423,122.125,35.0,-73.8125,-62.1875,55.5,-114.8125,-62.0625,-80.75,-80.75,-57.625,-80.75
389,5.5413,10.1844,3.504031238816409,86.6875,-229.4375,-229.4375,84.5,-5.75,-208.0625,-5.8125,-5.8125,-5.8125,-241.125,-5.8125
390,4.5668,7.47136,2.650356900779684,-209.25,-162.3125,-162.625,54.125,129.375,31.625,-5.875,-5.9375,-5.9375,31.625,-5.9375
391,3.27195,5.90737,3.220323612859921,-300.0,-7.1875,101.8125,21.0,-7.125,-29.875,-4.9375,-5.1875,-5.9375,23.9375,-7.0625
392,3.26363,5.68521,3.09829954358277,-300.0,-7.1875,101.8125,21.0,-7.125,-29.875,-4.9375,-5.1875,-5.9375,23.9375,-7.0625
393,3.13422,5.64486,3.076921230390313,-300.0,-7.1875,101.8125,21.0,-7.125,-29.875,-4.9375,-5.1875,-5.9375,23.9375,-7.0625
394,3.14097,5.6145,3.06039723401313,-300.0,-7.1875,101.8125,21.0,-7.125,-29.875,-4.9375,-5.1875,-5.9375,23.9375,-7.0625
395,3.1293,5.56927,3.035779717780826,-300.0,-7.1875,101.8125,21.0,-7.125,-29.875,-4.9375,-5.1875,-5.9375,23.9375,-7.0625
396,2.77585,5.15104,2.8160251230971234,-300.0,-7.1875,101.8125,21.0,-7.125,-29.875,-4.9375,-5.1875,-5.9375,23.9375,-7.0625
397,2.78389,5.13947,2.808781759367845,-300.0,-7.1875,101.8125,21.0,-7.125,-29.875,-4.9375,-5.1875,-5.9375,23.9375,-7.0625
398,2.7509,5.12489,2.801609710674333,-300.0,-7.1875,101.8125,21.0,-7.125,-29.875,-4.9375,-5.1875,-5.9375,23.9375,-7.0625
399,2.73989,5.1125,2.794161428994668,-300.0,-7.1875,101.8125,21.0,-7.125,-29.875,-4.9375,-5.1875,-5.9375,23.9375,-7.0625
400,2.76533,5.09627,2.7856869643495936,-300.0,-7.1875,101.8125,21.0,-7.125,-29.875,-4.9375,-5.1875,-5.9375,23.9375,-7.0625
401,2.83841,5.04512,2.7585901317308275,-300.0,-7.1875,101.8125,21.0,-7.125,-29.875,-4.9375,-5.1875,-5.9375,23.9375,-7.0625
402,2.6519,4.70356,2.564383398548451,-300.0,-7.1875,101.8125,21.0,-7.125,-29.875,-4.9375,-5.1875,-5.9375,23.9375,-7.0625
403,2.44074,4.47797,2.4461172240003832,-300.0,-7.1875,101.8125,21.0,-7.125,-29.875,-4.9375,-5.1875,-5.9375,23.9375,-7.0625
404,2.37637,4.33485,2.368172505108451,-300.0,-7.1875,101.8125,21.0,-7.125,-29.875,-4.9375,-5.1875,-5.9375,23.9375,-7.0625
405,2.45408,3.83008,2.0950001691888103,-300.0,-7.1875,101.8125,21.0,-7.125,-29.875,-4.9375,-5.1875,-5.9375,23.9375,-7.0625
406,3.94988,5.76714,2.469837536211846,42.875,-4.375,48.0,205.6875,-5.875,210.0,-5.875,-9.875,-5.9375,6.375,-5.9375
407,3.73105,5.47474,2.365825374416199,42.875,-4.375,48.0,205.6875,-5.875,210.0,-5.875,-9.875,-5.9375,6.375,-5.9375
408,6.92529,10.6532,4.203380780036093,-7.6875,-11.375,-11.4375,54.125,41.5625,-28.0625,-5.875,-21.0625,-5.9375,-44.75,-5.9375
409,4.7554,6.79254,2.660778187264342,-7.6875,-11.375,-11.4375,54.125,41.5625,-28.0625,-5.875,-21.0625,-5.9375,-44.75,-5.9375
410,4.05262,6.51035,2.565506278312504,-7.6875,-11.375,-11.4375,54.125,41.5625,-28.0625,-5.875,-21.0625,-5.9375,-44.75,-5.9375
411,4.0883,6.01399,2.4189193378742617,-7.6875,-11.375,-11.4375,54.125,41.5625,-28.0625,-5.875,-21.0625,-5.9375,-44.75,-5.9375
412,4.05274,5.6252,2.1897376942675444,-7.6875,-11.375,-11.4375,54.125,41.5625,-28.0625,-5.875,-21.0625,-5.9375,-44.75,-5.9375
413,3.77581,5.37744,2.1621656034895373,-7.6875,-11.375,-11.4375,54.125,41.5625,-28.0625,-5.875,-21.0625,-5.9375,-44.75,-5.9375
414,3.06549,5.65702,2.118646169514423,-10.125,124.25,27.375,30.125,-3.3125,-52.0625,-3.3125,44.4375,-22.0625,10.375,-21.9375
415,3.06686,5.64457,2.114012371655296,-10.125,124.25,27.375,30.125,-3.3125,-52.0625,-3.3125,44.4375,-22.0625,10.375,-21.9375
416,4.53392,8.15269,2.83872803376612,209.75,-23.5,206.9375,16.9375,-17.5,-34.5,-0.75,-23.0625,-1.1875,18.75,-11.0625
417,3.96418,6.67202,3.2681329158218566,30.1875,-85.9375,-17.875,30.1875,-1.3125,-85.875,39.5,-5.0625,-9.4375,-22.5625,-5.0
418,3.96984,6.66061,3.262801760220249,30.1875,-85.9375,-17.875,30.1875,-1.3125,-85.875,39.5,-5.0625,-9.4375,-22.5625,-5.0
419,3.48388,5.81625,2.805036168689552,30.1875,-85.9375,-17.875,30.1875,-1.3125,-85.875,39.5,-5.0625,-9.4375,-22.5625,-5.0
420,3.50915,5.69997,2.792658834928389,30.1875,-85.9375,-17.875,30.1875,-1.3125,-85.875,39.5,-5.0625,-9.4375,-22.5625,-5.0
421,3.15339,5.44238,2.6858968858564576,30.1875,-85.9375,-17.875,30.1875,-1.3125,-85.875,39.5,-5.0625,-9.4375,-22.5625,-5.0
422,3.16155,5.21811,2.5124297042058656,30.1875,-85.9375,-17.875,30.1875,-1.3125,-85.875,39.5,-5.0625,-9.4375,-22.5625,-5.0
423,2.96833,5.18746,2.560006058364614,30.1875,-85.9375,-17.875,30.1875,-1.3125,-85.875,39.5,-5.0625,-9.4375,-22.5625,-5.0
424,3.042,4.91073,2.350415515199503,30.1875,-85.9375,-17.875,30.1875,-1.3125,-85.875,39.5,-5.0625,-9.4375,-22.5625,-5.0
425,3.01601,4.88335,2.3361566303605006,30.1875,-85.9375,-17.875,30.1875,-1.3125,-85.875,39.5,-5.0625,-9.4375,-22.5625,-5.0
426,2.73269,4.6709,2.2894777125330834,30.1875,-85.9375,-17.875,30.1875,-1.3125,-85.875,39.5,-5.0625,-9.4375,-22.5625,-5.0
427,5.9963,10.7479,4.8427052616265,-6.0,-83.0625,-10.125,52.4375,29.75,-55.375,100.625,-6.0625,-5.0625,80.125,-6.0
428,4.49302,7.61531,3.3995242331837585,-6.0,-83.0625,-10.125,52.4375,29.75,-55.375,100.625,-6.0625,-5.0625,80.125,-6.0
429,4.15713,7.3392,3.319798232825002,-6.0,-83.0625,-10.125,52.4375,29.75,-55.375,100.625,-6.0625,-5.0625,80.125,-6.0
430,4.24772,7.32626,3.310765742561716,-6.0,-83.0625,-10.125,52.4375,29.75,-55.375,100.625,-6.0625,-5.0625,80.125,-6.0
431,4.11896,7.20226,3.256161397429411,-6.0,-83.0625,-10.125,52.4375,29.75,-55.375,100.625,-6.0625,-5.0625,80.125,-6.0
432,4.19384,7.16664,3.18801197572064,-6.0,-83.0625,-10.125,52.4375,29.75,-55.375,100.625,-6.0625,-5.0625,80.125,-6.0
433,4.52272,6.95435,3.0781221782825487,-6.0,-83.0625,-10.125,52.4375,29.75,-55.375,100.625,-6.0625,-5.0625,80.125,-6.0
434,2.99595,4.8715,2.199726776137202,-6.0,-83.0625,-10.125,52.4375,29.75,-55.375,100.625,-6.0625,-5.0625,80.125,-6.0
435,2.92898,4.81742,2.156607704831835,-6.0,-83.0625,-10.125,52.4375,29.75,-55.375,100.625,-6.0625,-5.0625,80.125,-6.0
436,2.76266,4.72004,2.0435491443380105,-6.0,-83.0625,-10.125,52.4375,29.75,-55.375,100.625,-6.0625,-5.0625,80.125,-6.0
437,2.77311,4.70251,2.0360140330923366,-6.0,-83.0625,-10.125,52.4375,29.75,-55.375,100.625,-6.0625,-5.0625,80.125,-6.0
438,2.7693,4.63729,2.0078658010732764,-6.0,-83.0625,-10.125,52.4375,29.75,-55.375,100.625,-6.0625,-5.0625,80.125,-6.0
439,5.9863,11.4554,4.865383687196897,50.75,36.6875,24.1875,24.625,36.5,204.9375,12.25,-4.3125,35.5625,51.9375,-4.6875
440,4.38588,8.08398,3.4454739804572374,50.75,36.6875,24.1875,24.625,36.5,204.9375,12.25,-4.3125,35.5625,51.9375,-4.6875
441,4.3781,8.07382,3.4410358265098138,50.75,36.6875,24.1875,24.625,36.5,204.9375,12.25,-4.3125,35.5625,51.9375,-4.6875
442,4.37051,8.06771,3.4384163681269526,50.75,36.6875,24.1875,24.625,36.5,204.9375,12.25,-4.3125,35.5625,51.9375,-4.6875
443,4.36446,8.06329,3.436512070059475,50.75,36.6875,24.1875,24.625,36.5,204.9375,12.25,-4.3125,35.5625,51.9375,-4.6875
444,4.39464,8.04377,3.428243964942251,50.75,36.6875,24.1875,24.625,36.5,204.9375,12.25,-4.3125,35.5625,51.9375,-4.6875
445,4.34671,7.96309,3.3937569483618524,50.75,36.6875,24.1875,24.625,36.5,204.9375,12.25,-4.3125,35.5625,51.9375,-4.6875
446,4.32873,7.93278,3.3809855935765727,50.75,36.6875,24.1875,24.625,36.5,204.9375,12.25,-4.3125,35.5625,51.9375,-4.6875
447,6.57708,11.8186,5.14409813008129,261.125,-11.4375,-35.4375,86.9375,-11.4375,-45.3125,-5.9375,-5.9375,-6.0,148.875,-6.0
448,5.56181,10.2823,4.401894922209841,261.125,-11.4375,-35.4375,86.9375,-11.4375,-45.3125,-5.9375,-5.9375,-6.0,148.875,-6.0
449,4.74131,7.85122,3.3952046862178373,261.125,-11.4375,-35.4375,86.9375,-11.4375,-45.3125,-5.9375,-5.9375,-6.0,148.875,-6.0
450,3.90943,7.12706,3.037058274119454,261.125,-11.4375,-35.4375,86.9375,-11.4375,-45.3125,-5.9375,-5.9375,-6.0,148.875,-6.0
451,4.01247,6.58916,2.846390640794231,261.125,-11.4375,-35.4375,86.9375,-11.4375,-45.3125,-5.9375,-5.9375,-6.0,148.875,-6.0
452,3.37458,6.29251,2.761872272182823,261.125,-11.4375,-35.4375,86.9375,-11.4375,-45.3125,-5.9375,-5.9375,-6.0,148.875,-6.0
453,3.69189,6.17682,2.700883568287032,261.125,-11.4375,-35.4375,86.9375,-11.4375,-45.3125,-5.9375,-5.9375,-6.0,148.875,-6.0
454,3.42006,6.06926,2.6579980679736366,261.125,-11.4375,-35.4375,86.9375,-11.4375,-45.3125,-5.9375,-5.9375,-6.0,148.875,-6.0
455,3.44999,5.89042,2.5732816614924423,261.125,-11.4375,-35.4375,86.9375,-11.4375,-45.3125,-5.9375,-5.9375,-6.0,148.875,-6.0
456,3.5803,5.76632,2.5555620499248697,261.125,-11.4375,-35.4375,86.9375,-11.4375,-45.3125,-5.9375,-5.9375,-6.0,148.875,-6.0
457,2.9604,5.67708,2.4293006220423514,261.125,-11.4375,-35.4375,86.9375,-11.4375,-45.3125,-5.9375,-5.9375,-6.0,148.875,-6.0
458,3.47017,5.5982,2.4811188532845088,261.125,-11.4375,-35.4375,86.9375,-11.4375,-45.3125,-5.9375,-5.9375,-6.0,148.875,-6.0
459,2.96088,5.42551,2.3819582073087227,261.125,-11.4375,-35.4375,86.9375,-11.4375,-45.3125,-5.9375,-5.9375,-6.0,148.875,-6.0
460,2.81441,5.31264,2.27403322003796,261.125,-11.4375,-35.4375,86.9375,-11.4375,-45.3125,-5.9375,-5.9375,-6.0,148.875,-6.0
461,2.88681,5.24195,2.2934677677158604,261.125,-11.4375,-35.4375,86.9375,-11.4375,-45.3125,-5.9375,-5.9375,-6.0,148.875,-6.0
462,2.78492,5.20814,2.2261913048094333,261.125,-11.4375,-35.4375,86.9375,-11.4375,-45.3125,-5.9375,-5.9375,-6.0,148.875,-6.0
463,3.07446,4.93768,2.1503273657483666,261.125,-11.4375,-35.4375,86.9375,-11.4375,-45.3125,-5.9375,-5.9375,-6.0,148.875,-6.0
464,2.77336,4.81448,2.1055843576803297,261.125,-11.4375,-35.4375,86.9375,-11.4375,-45.3125,-5.9375,-5.9375,-6.0,148.875,-6.0
465,2.74526,4.75699,2.037706085914447,261.125,-11.4375,-35.4375,86.9375,-11.4375,-45.3125,-5.9375,-5.9375,-6.0,148.875,-6.0
466,2.88285,4.54183,2.0139154617768646,261.125,-11.4375,-35.4375,86.9375,-11.4375,-45.3125,-5.9375,-5.9375,-6.0,148.875,-6.0
467,3.48176,6.34811,3.309109919059368,-7.375,-7.9375,64.125,-12.4375,-12.5,-31.875,-5.875,-6.125,-31.25,-42.0625,-6.0
468,3.47265,6.30107,3.2844552399638127,-7.375,-7.9375,64.125,-12.4375,-12.5,-31.875,-5.875,-6.125,-31.25,-42.0625,-6.0
469,3.11793,5.15276,2.705467355975626,-7.375,-7.9375,64.125,-12.4375,-12.5,-31.875,-5.875,-6.125,-31.25,-42.0625,-6.0
470,2.93707,4.9191,2.6196674038861745,-7.375,-7.9375,64.125,-12.4375,-12.5,-31.875,-5.875,-6.125,-31.25,-42.0625,-6.0
471,2.84244,4.91665,2.573724424512018,-7.375,-7.9375,64.125,-12.4375,-12.5,-31.875,-5.875,-6.125,-31.25,-42.0625,-6.0
472,2.65492,4.44202,2.311931296910993,-7.375,-7.9375,64.125,-12.4375,-12.5,-31.875,-5.875,-6.125,-31.25,-42.0625,-6.0
473,2.63457,4.39104,2.285258271835696,-7.375,-7.9375,64.125,-12.4375,-12.5,-31.875,-5.875,-6.125,-31.25,-42.0625,-6.0
474,2.37104,4.20265,2.1893966693223827,-7.375,-7.9375,64.125,-12.4375,-12.5,-31.875,-5.875,-6.125,-31.25,-42.0625,-6.0
475,2.54813,4.19927,2.1849649569854206,-7.375,-7.9375,64.125,-12.4375,-12.5,-31.875,-5.875,-6.125,-31.25,-42.0625,-6.0
476,2.47838,4.16103,2.166390383871988,-7.375,-7.9375,64.125,-12.4375,-12.5,-31.875,-5.875,-6.125,-31.25,-42.0625,-6.0
477,2.32491,4.12439,2.148364021367029,-7.375,-7.9375,64.125,-12.4375,-12.5,-31.875,-5.875,-6.125,-31.25,-42.0625,-6.0
478,2.44675,4.11872,2.1444931799556586,-7.375,-7.9375,64.125,-12.4375,-12.5,-31.875,-5.875,-6.125,-31.25,-42.0625,-6.0
479,2.45566,4.06908,2.1306791388281217,-7.375,-7.9375,64.125,-12.4375,-12.5,-31.875,-5.875,-6.125,-31.25,-42.0625,-6.0
480,2.44443,4.05835,2.1251237930844464,-7.375,-7.9375,64.125,-12.4375,-12.5,-31.875,-5.875,-6.125,-31.25,-42.0625,-6.0
481,4.70732,9.36756,5.20791704332375,-3.75,121.0,237.75,-103.5625,12.1875,-25.625,-5.875,-6.625,-9.5625,17.625,-6.25
482,3.73697,7.20835,4.008594497973377,-3.75,121.0,237.75,-103.5625,12.1875,-25.625,-5.875,-6.625,-9.5625,17.625,-6.25
483,2.72471,4.70016,2.5842873543713827,-3.75,121.0,237.75,-103.5625,12.1875,-25.625,-5.875,-6.625,-9.5625,17.625,-6.25
484,2.73795,4.6956,2.580988137777198,-3.75,121.0,237.75,-103.5625,12.1875,-25.625,-5.875,-6.625,-9.5625,17.625,-6.25
485,2.7273,4.68821,2.576135881151872,-3.75,121.0,237.75,-103.5625,12.1875,-25.625,-5.875,-6.625,-9.5625,17.625,-6.25
486,2.68306,4.68803,2.5789368605086427,-3.75,121.0,237.75,-103.5625,12.1875,-25.625,-5.875,-6.625,-9.5625,17.625,-6.25
487,2.34758,4.13554,2.304894447331656,-3.75,121.0,237.75,-103.5625,12.1875,-25.625,-5.875,-6.625,-9.5625,17.625,-6.25
488,2.35294,3.80126,2.0140519028797312,-3.75,121.0,237.75,-103.5625,12.1875,-25.625,-5.875,-6.625,-9.5625,17.625,-6.25
489,2.34829,3.70116,2.0903085487587094,-3.75,121.0,237.75,-103.5625,12.1875,-25.625,-5.875,-6.625,-9.5625,17.625,-6.25
490,3.9625,6.16537,3.0838554960144875,75.3125,-5.9375,73.625,65.125,73.0,55.375,-5.9375,-6.0,-6.0,233.5625,-6.0
491,3.56307,6.01716,3.0103194021941686,75.3125,-5.9375,73.625,65.125,73.0,55.375,-5.9375,-6.0,-6.0,233.5625,-6.0
492,3.44615,5.50951,2.756908009317009,75.3125,-5.9375,73.625,65.125,73.0,55.375,-5.9375,-6.0,-6.0,233.5625,-6.0
493,3.34375,5.22321,2.6121010208540723,75.3125,-5.9375,73.625,65.125,73.0,55.375,-5.9375,-6.0,-6.0,233.5625,-6.0
494,2.8563,4.91965,2.4377391853727226,-214.125,128.0,-76.0625,-2.8125,-66.4375,-27.375,114.4375,1.4375,123.0,-27.8125,1.4375
495,2.85922,4.91553,2.435309465062442,-214.125,128.0,-76.0625,-2.8125,-66.4375,-27.375,114.4375,1.4375,123.0,-27.8125,1.4375
496,5.53463,9.26737,4.3632526804304765,-156.1875,-250.3125,-154.0625,21.9375,-154.125,-265.0,-6.0625,-244.3125,-6.0625,-274.9375,-6.0625
497,4.08377,6.95768,3.269077386004944,155.0625,-198.125,155.5,155.125,155.5625,151.75,-5.9375,-6.0625,-6.0,148.625,-6.0625
498,3.80053,6.29562,3.513173948682525,-7.1875,83.5,34.25,-7.1875,10.8125,-18.0,-5.9375,-6.0,-5.9375,12.375,-6.0
499,2.95468,4.59006,2.5704373264948708,-7.1875,83.5,34.25,-7.1875,10.8125,-18.0,-5.9375,-6.0,-5.9375,12.375,-6.0
500,2.88796,4.52746,2.535226817178745,-7.1875,83.5,34.25,-7.1875,10.8125,-18.0,-5.9375,-6.0,-5.9375,12.375,-6.0
501,4.9799,7.66129,4.107891620561005,-45.9375,-135.125,-28.6875,66.0,-3.5,-46.375,-5.9375,-6.0,-6.0,55.1875,-6.0
502,4.77491,7.52212,4.02836249163051,-45.9375,-135.125,-28.6875,66.0,-3.5,-46.375,-5.9375,-6.0,-6.0,55.1875,-6.0
503,4.64903,7.47941,4.015497922079457,-45.9375,-135.125,-28.6875,66.0,-3.5,-46.375,-5.9375,-6.0,-6.0,55.1875,-6.0
504,4.28343,7.06984,3.801282267262896,-45.9375,-135.125,-28.6875,66.0,-3.5,-46.375,-5.9375,-6.0,-6.0,55.1875,-6.0
505,4.04839,6.63817,3.569151390201556,-45.9375,-135.125,-28.6875,66.0,-3.5,-46.375,-5.9375,-6.0,-6.0,55.1875,-6.0
506,3.55634,5.65966,3.042998192635456,-45.9375,-135.125,-28.6875,66.0,-3.5,-46.375,-5.9375,-6.0,-6.0,55.1875,-6.0
507,3.43324,5.39103,2.8882443803410496,-45.9375,-135.125,-28.6875,66.0,-3.5,-46.375,-5.9375,-6.0,-6.0,55.1875,-6.0
508,3.29156,5.15828,2.733757707398618,-45.9375,-135.125,-28.6875,66.0,-3.5,-46.375,-5.9375,-6.0,-6.0,55.1875,-6.0
509,3.2823,5.13395,2.720693963234365,-45.9375,-135.125,-28.6875,66.0,-3.5,-46.375,-5.9375,-6.0,-6.0,55.1875,-6.0
510,3.46599,5.02315,2.6966247247709765,-45.9375,-135.125,-28.6875,66.0,-3.5,-46.375,-5.9375,-6.0,-6.0,55.1875,-6.0
511,3.35736,4.88178,2.6205915159512525,-45.9375,-135.125,-28.6875,66.0,-3.5,-46.375,-5.9375,-6.0,-6.0,55.1875,-6.0
512,2.92195,4.37338,2.351084467758519,-45.9375,-135.125,-28.6875,66.0,-3.5,-46.375,-5.9375,-6.0,-6.0,55.1875,-6.0
513,2.81457,4.28119,2.3014337128175195,-45.9375,-135.125,-28.6875,66.0,-3.5,-46.375,-5.9375,-6.0,-6.0,55.1875,-6.0
514,2.83143,4.26826,2.294510665370836,-45.9375,-135.125,-28.6875,66.0,-3.5,-46.375,-5.9375,-6.0,-6.0,55.1875,-6.0
515,2.67214,4.21512,2.2588537066023604,-45.9375,-135.125,-28.6875,66.0,-3.5,-46.375,-5.9375,-6.0,-6.0,55.1875,-6.0
516,2.61388,4.1757,2.238147227357036,-45.9375,-135.125,-28.6875,66.0,-3.5,-46.375,-5.9375,-6.0,-6.0,55.1875,-6.0
517,2.59631,4.14203,2.220456215919472,-45.9375,-135.125,-28.6875,66.0,-3.5,-46.375,-5.9375,-6.0,-6.0,55.1875,-6.0
518,2.62606,3.95796,2.127604710082184,-45.9375,-135.125,-28.6875,66.0,-3.5,-46.375,-5.9375,-6.0,-6.0,55.1875,-6.0
519,2.49227,3.89637,2.0947436475318413,-45.9375,-135.125,-28.6875,66.0,-3.5,-46.375,-5.9375,-6.0,-6.0,55.1875,-6.0
520,2.46275,3.89279,2.092837950264544,-45.9375,-135.125,-28.6875,66.0,-3.5,-46.375,-5.9375,-6.0,-6.0,55.1875,-6.0
521,2.53391,3.87735,2.0844993405470578,-45.9375,-135.125,-28.6875,66.0,-3.5,-46.375,-5.9375,-6.0,-6.0,55.1875,-6.0
522,2.61853,3.81769,2.0606805008057165,-45.9375,-135.125,-28.6875,66.0,-3.5,-46.375,-5.9375,-6.0,-6.0,55.1875,-6.0
523,5.56853,9.26644,5.048538886057724,273.625,8.375,19.375,-4.125,8.25,-30.3125,1.8125,-6.0625,-5.9375,12.625,-6.0625
524,5.35469,8.32211,4.396503033073627,273.625,8.375,19.375,-4.125,8.25,-30.3125,1.8125,-6.0625,-5.9375,12.625,-6.0625
525,5.35556,8.3203,4.395432886071586,273.625,8.375,19.375,-4.125,8.25,-30.3125,1.8125,-6.0625,-5.9375,12.625,-6.0625
526,5.35697,8.29978,4.384630503205461,273.625,8.375,19.375,-4.125,8.25,-30.3125,1.8125,-6.0625,-5.9375,12.625,-6.0625
527,4.36884,7.32896,3.871852625925228,273.625,8.375,19.375,-4.125,8.25,-30.3125,1.8125,-6.0625,-5.9375,12.625,-6.0625
528,3.9533,6.36658,3.36403109669613,273.625,8.375,19.375,-4.125,8.25,-30.3125,1.8125,-6.0625,-5.9375,12.625,-6.0625
529,3.70465,5.61796,3.0791561059578543,273.625,8.375,19.375,-4.125,8.25,-30.3125,1.8125,-6.0625,-5.9375,12.625,-6.0625
530,3.165,4.65653,2.5525942151044143,273.625,8.375,19.375,-4.125,8.25,-30.3125,1.8125,-6.0625,-5.9375,12.625,-6.0625
531,3.02558,4.5301,2.4812857329785483,273.625,8.375,19.375,-4.125,8.25,-30.3125,1.8125,-6.0625,-5.9375,12.625,-6.0625
532,2.92832,4.32199,2.3653893856687818,273.625,8.375,19.375,-4.125,8.25,-30.3125,1.8125,-6.0625,-5.9375,12.625,-6.0625
533,2.68566,4.01854,2.1210861038663817,273.625,8.375,19.375,-4.125,8.25,-30.3125,1.8125,-6.0625,-5.9375,12.625,-6.0625
534,2.73338,4.5231,2.142891497393291,-6.0625,-6.125,-84.625,-6.0625,-6.0625,-90.3125,-6.0,-6.0625,-6.0625,57.4375,-6.0625
535,2.73885,4.50773,2.1353087361404293,-6.0625,-6.125,-84.625,-6.0625,-6.0625,-90.3125,-6.0,-6.0625,-6.0625,57.4375,-6.0625
536,3.85999,6.91171,2.9181680278920794,-78.5,-71.875,92.0,27.5,5.25,-87.5,-6.0,-4.875,-6.0,-47.5625,-6.0
537,3.8364,6.66503,2.902474921282674,299.9375,110.3125,224.6875,94.5,95.0625,75.125,94.625,-6.0,-6.0625,102.6875,-6.125
538,3.51599,6.22436,2.454392081105081,299.9375,110.3125,224.6875,94.5,95.0625,75.125,94.625,-6.0,-6.0625,102.6875,-6.125
539,3.21411,5.42695,2.3661575888724413,299.9375,110.3125,224.6875,94.5,95.0625,75.125,94.625,-6.0,-6.0625,102.6875,-6.125
540,4.64999,7.51968,3.0248562010204227,-109.5,-123.4375,174.5625,31.5625,-164.0,135.1875,-5.9375,201.875,-6.0625,-124.5625,-6.0625
541,4.27683,7.4714,2.8924473963717503,-109.5,-123.4375,174.5625,31.5625,-164.0,135.1875,-5.9375,201.875,-6.0625,-124.5625,-6.0625
542,3.07404,5.00811,2.02361068297746,-109.5,-123.4375,174.5625,31.5625,-164.0,135.1875,-5.9375,201.875,-6.0625,-124.5625,-6.0625
543,3.28421,4.92163,2.0534964143477854,-2.75,108.625,-155.5625,-2.6875,-127.8125,11.25,-89.0,-92.875,-147.3125,-18.5,-142.75
544,4.32114,6.98465,2.795293270494227,-37.0,-11.875,21.0625,7.0,-10.4375,-23.9375,-5.9375,-6.0625,-6.0625,35.125,-6.0625
545,4.30907,6.97443,2.791146931019002,-37.0,-11.875,21.0625,7.0,-10.4375,-23.9375,-5.9375,-6.0625,-6.0625,35.125,-6.0625
546,4.01438,6.47537,2.688300881452299,-37.0,-11.875,21.0625,7.0,-10.4375,-23.9375,-5.9375,-6.0625,-6.0625,35.125,-6.0625
547,4.62534,7.44098,2.894165767321087,-79.3125,-89.8125,-6.0,52.3125,-40.75,-31.9375,-6.0,-14.5,19.8125,-39.5,-6.0
548,4.58451,7.39733,2.877487243504243,-79.3125,-89.8125,-6.0,52.3125,-40.75,-31.9375,-6.0,-14.5,19.8125,-39.5,-6.0
549,4.15133,6.74651,2.6280132352325007,-79.3125,-89.8125,-6.0,52.3125,-40.75,-31.9375,-6.0,-14.5,19.8125,-39.5,-6.0
550,4.19506,5.89021,2.2113081746725207,-9.0625,-172.5,-131.9375,-10.625,-72.75,-26.125,-6.0,-132.3125,-5.5,3.125,-132.375
551,3.8962,5.84107,2.1065526594676163,-9.0625,-172.5,-131.9375,-10.625,-72.75,-26.125,-6.0,-132.3125,-5.5,3.125,-132.375
552,3.89052,5.83859,2.1054896750271195,-9.0625,-172.5,-131.9375,-10.625,-72.75,-26.125,-6.0,-132.3125,-5.5,3.125,-132.375
553,3.66087,5.60764,2.0094131583844685,-9.0625,-172.5,-131.9375,-10.625,-72.75,-26.125,-6.0,-132.3125,-5.5,3.125,-132.375
554,3.79423,5.59529,2.013962552061749,-9.0625,-172.5,-131.9375,-10.625,-72.75,-26.125,-6.0,-132.3125,-5.5,3.125,-132.375
555,3.72053,5.57898,2.0086537559167423,-9.0625,-172.5,-131.9375,-10.625,-72.75,-26.125,-6.0,-132.3125,-5.5,3.125,-132.375
556,3.6529,5.56924,2.0054675833984983,-9.0625,-172.5,-131.9375,-10.625,-72.75,-26.125,-6.0,-132.3125,-5.5,3.125,-132.375
557,3.7614,5.5609,2.001984211681976,-9.0625,-172.5,-131.9375,-10.625,-72.75,-26.125,-6.0,-132.3125,-5.5,3.125,-132.375
558,3.62755,5.8267,3.068778465872194,121.9375,-37.375,-37.5,-37.5,-38.25,-49.25,-6.0625,-6.125,-6.0625,-49.25,-6.0625
559,3.30221,4.98265,2.737166427275045,121.9375,-37.375,-37.5,-37.5,-38.25,-49.25,-6.0625,-6.125,-6.0625,-49.25,-6.0625
560,2.7314,4.25831,2.250495651592006,121.9375,-37.375,-37.5,-37.5,-38.25,-49.25,-6.0625,-6.125,-6.0625,-49.25,-6.0625
561,2.88287,4.23013,2.323118702619266,121.9375,-37.375,-37.5,-37.5,-38.25,-49.25,-6.0625,-6.125,-6.0625,-49.25,-6.0625
562,7.16324,9.26283,3.341875635111089,27.1875,-118.625,-18.875,-61.75,-17.4375,-164.0,15.3125,-6.0,-6.0,61.8125,-6.0
563,4.34196,5.53503,2.0090627984414726,27.1875,-118.625,-18.875,-61.75,-17.4375,-164.0,15.3125,-6.0,-6.0,61.8125,-6.0
564,4.29667,5.46388,2.060719542390635,27.1875,-118.625,-18.875,-61.75,-17.4375,-164.0,15.3125,-6.0,-6.0,61.8125,-6.0
565,4.23441,5.30654,2.0006552210012285,27.1875,-118.625,-18.875,-61.75,-17.4375,-164.0,15.3125,-6.0,-6.0,61.8125,-6.0
566,6.41978,8.14906,2.979075039367851,64.3125,-130.25,64.5625,-67.3125,-130.25,-163.5625,-6.0,-6.125,-6.125,11.625,-6.125
567,5.2508,6.45426,2.3233520359322832,64.3125,-130.25,64.5625,-67.3125,-130.25,-163.5625,-6.0,-6.125,-6.125,11.625,-6.125
568,4.71452,5.98807,2.111751480102949,64.3125,-130.25,64.5625,-67.3125,-130.25,-163.5625,-6.0,-6.125,-6.125,11.625,-6.125
569,4.55127,5.90161,2.107710935603162,64.3125,-130.25,64.5625,-67.3125,-130.25,-163.5625,-6.0,-6.125,-6.125,11.625,-6.125
570,4.6807,5.8787,2.095253828282879,64.3125,-130.25,64.5625,-67.3125,-130.25,-163.5625,-6.0,-6.125,-6.125,11.625,-6.125
571,4.67259,5.74929,2.071330626321949,64.3125,-130.25,64.5625,-67.3125,-130.25,-163.5625,-6.0,-6.125,-6.125,11.625,-6.125
572,4.59136,5.74005,2.0249569000413907,64.3125,-130.25,64.5625,-67.3125,-130.25,-163.5625,-6.0,-6.125,-6.125,11.625,-6.125
573,7.10774,8.70991,3.0264673824619948,-30.8125,47.5625,256.625,-30.375,-187.125,-27.125,-6.0625,108.5625,-6.0625,-27.125,-6.0625
574,7.32648,9.93946,3.660199612143873,-75.0625,-64.8125,-77.5625,-63.4375,-76.4375,281.75,-65.5,-6.0,-5.25,-53.625,-6.0
575,6.88686,9.21839,3.395166020852883,-75.0625,-64.8125,-77.5625,-63.4375,-76.4375,281.75,-65.5,-6.0,-5.25,-53.625,-6.0
576,6.31202,8.05676,2.7445694899538235,-75.0625,-64.8125,-77.5625,-63.4375,-76.4375,281.75,-65.5,-6.0,-5.25,-53.625,-6.0
577,6.24563,8.02309,2.7341680215168216,-75.0625,-64.8125,-77.5625,-63.4375,-76.4375,281.75,-65.5,-6.0,-5.25,-53.625,-6.0
578,6.09988,7.73225,2.6867793326217004,-75.0625,-64.8125,-77.5625,-63.4375,-76.4375,281.75,-65.5,-6.0,-5.25,-53.625,-6.0
579,5.72523,7.4938,2.5658283456485744,-75.0625,-64.8125,-77.5625,-63.4375,-76.4375,281.75,-65.5,-6.0,-5.25,-53.625,-6.0
580,5.53038,7.07797,2.618313933246304,-75.0625,-64.8125,-77.5625,-63.4375,-76.4375,281.75,-65.5,-6.0,-5.25,-53.625,-6.0
581,4.66843,6.24208,2.3210975174418818,-75.0625,-64.8125,-77.5625,-63.4375,-76.4375,281.75,-65.5,-6.0,-5.25,-53.625,-6.0
582,8.86125,11.6113,4.162806416288813,-151.75,-37.5625,-111.0625,-87.4375,-34.5,-21.375,-6.0625,-6.0625,-6.0625,4.1875,-6.0625
583,8.57287,11.3301,4.060425252375272,-151.75,-37.5625,-111.0625,-87.4375,-34.5,-21.375,-6.0625,-6.0625,-6.0625,4.1875,-6.0625
584,7.872,10.6189,3.802446971985451,-151.75,-37.5625,-111.0625,-87.4375,-34.5,-21.375,-6.0625,-6.0625,-6.0625,4.1875,-6.0625
585,7.00374,9.37449,3.266555894130971,-151.75,-37.5625,-111.0625,-87.4375,-34.5,-21.375,-6.0625,-6.0625,-6.0625,4.1875,-6.0625
586,7.07535,9.0509,3.398188086234633,-151.75,-37.5625,-111.0625,-87.4375,-34.5,-21.375,-6.0625,-6.0625,-6.0625,4.1875,-6.0625
587,7.07731,9.01979,3.2967355097195665,-151.75,-37.5625,-111.0625,-87.4375,-34.5,-21.375,-6.0625,-6.0625,-6.0625,4.1875,-6.0625
588,6.45431,8.29295,2.991797519011892,-151.75,-37.5625,-111.0625,-87.4375,-34.5,-21.375,-6.0625,-6.0625,-6.0625,4.1875,-6.0625
589,6.02267,8.10176,2.901741020918458,-151.75,-37.5625,-111.0625,-87.4375,-34.5,-21.375,-6.0625,-6.0625,-6.0625,4.1875,-6.0625
590,6.02053,8.07687,2.8928599068940493,-151.75,-37.5625,-111.0625,-87.4375,-34.5,-21.375,-6.0625,-6.0625,-6.0625,4.1875,-6.0625
591,6.6895,8.00571,2.8635703163306667,-151.75,-37.5625,-111.0625,-87.4375,-34.5,-21.375,-6.0625,-6.0625,-6.0625,4.1875,-6.0625
592,6.34911,7.93554,2.833198500930364,-151.75,-37.5625,-111.0625,-87.4375,-34.5,-21.375,-6.0625,-6.0625,-6.0625,4.1875,-6.0625
593,6.0073,7.58249,2.7075337521636103,-151.75,-37.5625,-111.0625,-87.4375,-34.5,-21.375,-6.0625,-6.0625,-6.0625,4.1875,-6.0625
594,5.4641,7.32861,2.67935578397076,-151.75,-37.5625,-111.0625,-87.4375,-34.5,-21.375,-6.0625,-6.0625,-6.0625,4.1875,-6.0625
595,5.61102,7.15193,2.6096894174591254,-151.75,-37.5625,-111.0625,-87.4375,-34.5,-21.375,-6.0625,-6.0625,-6.0625,4.1875,-6.0625
596,5.15892,6.94553,2.515549913335003,-151.75,-37.5625,-111.0625,-87.4375,-34.5,-21.375,-6.0625,-6.0625,-6.0625,4.1875,-6.0625
597,5.52067,6.8265,2.458427416308328,-151.75,-37.5625,-111.0625,-87.4375,-34.5,-21.375,-6.0625,-6.0625,-6.0625,4.1875,-6.0625
598,5.55126,6.54929,2.3269124159006345,-151.75,-37.5625,-111.0625,-87.4375,-34.5,-21.375,-6.0625,-6.0625,-6.0625,4.1875,-6.0625
599,4.74967,6.53726,2.2851113178592555,-151.75,-37.5625,-111.0625,-87.4375,-34.5,-21.375,-6.0625,-6.0625,-6.0625,4.1875,-6.0625
600,4.80881,6.20451,2.171222556430928,-151.75,-37.5625,-111.0625,-87.4375,-34.5,-21.375,-6.0625,-6.0625,-6.0625,4.1875,-6.0625
601,4.68411,6.11687,2.239567067352985,-151.75,-37.5625,-111.0625,-87.4375,-34.5,-21.375,-6.0625,-6.0625,-6.0625,4.1875,-6.0625
602,4.73137,6.00203,2.1445541289470023,-151.75,-37.5625,-111.0625,-87.4375,-34.5,-21.375,-6.0625,-6.0625,-6.0625,4.1875,-6.0625
603,4.32657,5.65321,2.0658569819512493,-151.75,-37.5625,-111.0625,-87.4375,-34.5,-21.375,-6.0625,-6.0625,-6.0625,4.1875,-6.0625
